-- phpMyAdmin SQL Dump
-- version 4.8.3
-- https://www.phpmyadmin.net/
--
-- Host: 127.0.0.1
-- Generation Time: Dec 10, 2019 at 09:43 AM
-- Server version: 10.1.37-MariaDB
-- PHP Version: 7.2.12

SET SQL_MODE = "NO_AUTO_VALUE_ON_ZERO";
SET AUTOCOMMIT = 0;
START TRANSACTION;
SET time_zone = "+00:00";


/*!40101 SET @OLD_CHARACTER_SET_CLIENT=@@CHARACTER_SET_CLIENT */;
/*!40101 SET @OLD_CHARACTER_SET_RESULTS=@@CHARACTER_SET_RESULTS */;
/*!40101 SET @OLD_COLLATION_CONNECTION=@@COLLATION_CONNECTION */;
/*!40101 SET NAMES utf8mb4 */;

--
-- Database: `gereja`
--

-- --------------------------------------------------------

--
-- Table structure for table `cabang`
--

CREATE TABLE `cabang` (
  `ID_CABANG` varchar(5) NOT NULL,
  `NAMA_CABANG` varchar(20) DEFAULT NULL,
  `ALAMAT_CABANG` varchar(255) NOT NULL
) ENGINE=InnoDB DEFAULT CHARSET=latin1;

--
-- Dumping data for table `cabang`
--

INSERT INTO `cabang` (`ID_CABANG`, `NAMA_CABANG`, `ALAMAT_CABANG`) VALUES
('C0001', 'Ir Soekarno', 'Jln. Ir Soekarno N No.01'),
('C0002', 'Jenderal Sudirman', 'Jln. Jenderal Sudirman N No.01');

-- --------------------------------------------------------

--
-- Table structure for table `daftar_kehadiran`
--

CREATE TABLE `daftar_kehadiran` (
  `ID_KEGIATAN` varchar(5) NOT NULL,
  `ID_JEMAAT` varchar(6) NOT NULL,
  `JAM_DATANG` time DEFAULT NULL
) ENGINE=InnoDB DEFAULT CHARSET=latin1;

--
-- Dumping data for table `daftar_kehadiran`
--

INSERT INTO `daftar_kehadiran` (`ID_KEGIATAN`, `ID_JEMAAT`, `JAM_DATANG`) VALUES
('K0001', 'J0001', '00:20:19'),
('K0001', 'J0002', '00:20:19');

-- --------------------------------------------------------

--
-- Table structure for table `detail_pelayan_khusus`
--

CREATE TABLE `detail_pelayan_khusus` (
  `ID_KEGIATAN` varchar(5) NOT NULL,
  `ID_PELAYANAN` varchar(5) NOT NULL,
  `LAGU_PUJIAN` text,
  `WAKTU_KUMPUL` time NOT NULL,
  `LIST_ACARA` text
) ENGINE=InnoDB DEFAULT CHARSET=latin1;

--
-- Dumping data for table `detail_pelayan_khusus`
--

INSERT INTO `detail_pelayan_khusus` (`ID_KEGIATAN`, `ID_PELAYANAN`, `LAGU_PUJIAN`, `WAKTU_KUMPUL`, `LIST_ACARA`) VALUES
('K0001', 'P0001', 'Bapa Kami', '12:00:00', NULL),
('K0001', 'P0002', 'Bapa Kami', '12:00:00', NULL),
('K0001', 'P0003', 'Bapa Kami', '12:00:00', NULL),
('K0001', 'P0004', 'Bapa Kami', '12:00:00', NULL);

-- --------------------------------------------------------

--
-- Table structure for table `hubungan_keluarga`
--

CREATE TABLE `hubungan_keluarga` (
  `ID_JEMAAT` varchar(6) NOT NULL,
  `ID_JEMAAT_BERSANGKUTAN` varchar(6) NOT NULL,
  `STATUS` varchar(255) NOT NULL,
  `TANGGAL_PERNIKAHAN` date DEFAULT NULL,
  `TEMPAT_PERNIKAHAN` varchar(255) DEFAULT NULL
) ENGINE=InnoDB DEFAULT CHARSET=latin1;

--
-- Dumping data for table `hubungan_keluarga`
--

INSERT INTO `hubungan_keluarga` (`ID_JEMAAT`, `ID_JEMAAT_BERSANGKUTAN`, `STATUS`, `TANGGAL_PERNIKAHAN`, `TEMPAT_PERNIKAHAN`) VALUES
('J0004', 'J0004', 'Suami', '2019-10-24', 'Jln. Mastrip No 12'),
('J0005', 'J0004', 'Istri', '2019-10-24', 'Jln. Mastrip No 12');

-- --------------------------------------------------------

--
-- Table structure for table `ic`
--

CREATE TABLE `ic` (
  `NO_IC` varchar(6) NOT NULL,
  `NAMA_IC` varchar(20) DEFAULT NULL,
  `WILAYAH_IC` text NOT NULL
) ENGINE=InnoDB DEFAULT CHARSET=latin1;

--
-- Dumping data for table `ic`
--

INSERT INTO `ic` (`NO_IC`, `NAMA_IC`, `WILAYAH_IC`) VALUES
('IC001', 'IC_Ayam', 'Tandes'),
('IC002', 'IC_Beruang', 'Sukolilo'),
('IC003', 'IC_Cicak', 'Perak'),
('IC004', 'IC_Domba', 'Mastrip'),
('IC005', 'Katolik', 'Vatican');

-- --------------------------------------------------------

--
-- Table structure for table `inventaris`
--

CREATE TABLE `inventaris` (
  `KODE_BARANG` varchar(6) NOT NULL,
  `ID_CABANG` varchar(5) NOT NULL,
  `NAMA_ATAU_JENIS_BARANG` varchar(255) NOT NULL,
  `MERK_ATAU_TIPE_BARANG` varchar(255) NOT NULL,
  `TAHUN_PEMBELIAN` date NOT NULL,
  `KEADAAN_BARANG` varchar(2) NOT NULL,
  `JUMLAH_BARANG` int(11) NOT NULL,
  `KETERANGAN` text NOT NULL
) ENGINE=InnoDB DEFAULT CHARSET=latin1;

--
-- Dumping data for table `inventaris`
--

INSERT INTO `inventaris` (`KODE_BARANG`, `ID_CABANG`, `NAMA_ATAU_JENIS_BARANG`, `MERK_ATAU_TIPE_BARANG`, `TAHUN_PEMBELIAN`, `KEADAAN_BARANG`, `JUMLAH_BARANG`, `KETERANGAN`) VALUES
('KB0001', 'C0001', 'Piano S7X', 'Yamaha', '2019-10-24', 'SR', 1, 'Baru Beli'),
('KB0002', 'C0002', 'Piano S7X', 'Yamaha', '2019-10-24', 'BB', 1, 'Baru Beli'),
('KB0003', 'C0002', 'Mobil Daihatsu Xenia L 9001 LK', 'Daihatsu', '2019-12-05', 'SB', 1, 'Mobil milik gereja dipakai untuk antar jemput');

-- --------------------------------------------------------

--
-- Table structure for table `jemaat`
--

CREATE TABLE `jemaat` (
  `ID_JEMAAT` varchar(6) NOT NULL,
  `NO_IC` varchar(6) DEFAULT NULL,
  `NAMA_JEMAAT` varchar(255) NOT NULL,
  `JENIS_KELAMIN` varchar(1) NOT NULL,
  `TANGGAL_LAHIR` date NOT NULL,
  `ALAMAT_JEMAAT` varchar(255) NOT NULL,
  `NO_TELPON` bigint(20) DEFAULT NULL,
  `FOTO` longblob NOT NULL,
  `STATUS_BAPTIS` varchar(1) NOT NULL
) ENGINE=InnoDB DEFAULT CHARSET=latin1;

--
-- Dumping data for table `jemaat`
--

INSERT INTO `jemaat` (`ID_JEMAAT`, `NO_IC`, `NAMA_JEMAAT`, `JENIS_KELAMIN`, `TANGGAL_LAHIR`, `ALAMAT_JEMAAT`, `NO_TELPON`, `FOTO`, `STATUS_BAPTIS`) VALUES
('J0001', 'IC001', 'Samuel Suhan Putra', 'L', '2019-10-01', 'Jln. Susi No 2 B', 8883759614, 0xffd8ffe000104a46494600010100000100010000ffdb00840009060712131215121213161515171717151717151515151717151517171615161515181d2820181a251d151721312125292b2e2e2e171f3338332d37282d2e2b010a0a0a0e0d0e1810101b2d1d1f1f2d2d2d2e2d2d2d2d2d2d2d2d2d2d2d2b2d2d2d2d2d2d2d2d2d2d2d2d2d2d2d2d2d2d2d2d2d2d2d2d2d2d2d2d2d2d2d2d2d2dffc000110800c2010303012200021101031101ffc4001b00000105010100000000000000000000000301020405060007ffc40040100001030203050605010507040300000001000211032104314105125161710613228191f032a1b1c1d15223334272e1146292a2b2c2f1072482d2153453ffc400190100020301000000000000000000000000000102030405ffc4002a110002020103030304020300000000000000010211031221310413413251611422427191b1233381ffda000c03010002110311003f00c614e09a955a52285d0b9280980a13c2684f01003827b13404f6a621e9e026b4222602b02280861c38fbeaa36d0c6ba9c90ddedd01ce8cf74cdc71c8db922e8695960605ce4815b181a1d716120131333ffa90b2f8edab4ea12c61731c4112d3e13bfe11201e73f755b81c64921c47885a64df39b69233cfd1552c8fc16c71af268abf68c35cd73482d272b8906c40dec8dc1e5bb08985ed753de8a861a7270bc5b331e76cfe8a9b19405517cd91bcd90096c4efb1f69e17e53a95458aa51e104983a887378c8cc28eb64b4c4de52dbed0f2d91f1483a3984c48337225a7a69aad0d3c4024c69bbd21c61b07cc1f30bc97001df01bb1f9eb1a07daed37e1a9cf25614f135f0cf6cb8b9a5bc6c5990222634ca6e06644292c9445e34cf50088d5827f6b09dc7b5a7e12d78be6cf1537002c0924f92d652dad4dde161f198b1d038021e48b16df43756a9a656e0d168d4f68513038a0f6b4c892d0627881f59b7285302990142204c6a200810ad4f0902784c0ef24e017009e1201a025dd4e4e8400c8481a890921000dc172242e40cf302b97250aa24284b09a13c008015a9ed4c6a204c07809ed098111a9887b027eea6a231000eaba048f30723d7dfae4b3bb47141b5775a03c96c06912e03785838d9c20be22f90565b72a96365a4ef7005c2c24cc870007505625f8ade3f06b3e1eb3901f389554d97412a17172092cf8778da06f34cc81af9106f1d53ea377e4b27e398cbe31302fc45bfaa97568b5e0104827236333a386a6d9db8dd260b0a4b5ed2d911e2fe13ba24c80e198b1fe92ab260e957240245d991139665bf71c8109f88c4165db07a86bc03a100e4088e923921bb7c6f6f66221e2dbfc24f1307a917bdd1f0cd0f3bb00f86d3725a6fbb7d5a4db52206708a0b075717de80481e1bb8b5a27f9a35197dd029638b2d67b4926088e52d3983169f2322c95f4cd32dab4eede3323839a7811f4e2049763a988f08863bc43380eb481c45c7f887045058aea4df8e90716e66336dae08bdb9701add4515493631e1dd398905df09f51e9c9370d51cc9734f22391c8c1cc7b39dceca8d21f6066238c4f1d1005beccdbb51ce687546d3634eeb583526f278f5361eb3e9780c487b011c06a4e96b95e2d569dddbd26e6e22c66e1dc3df96afb058eae5ddd97b7ba65c8716ef41d1a4de2dd3256e396e5738da3d25a880a052a81d9191c465e45198b414044f6a6b117a2407009c1ab9a13d81031035388480593e102108e69b09f0921000cb572716ae40cf2e4ad4d94e05544854e94929c8015a9e131a881301e13d898d44614c43c0440989ec40141da9790d686ddee3668d1a3371f3233cbadd53e1584b7c6e919120801b172272e126f1ca64936f54dec439b2e366b601e2248bd9b981e6a1629dbcf6b3f85a0580313fdd1a89d7fa2cf37b9a22b60f87c397bff0064d91aef175e6f395b2e00fac2bb6e02a1b96163b39805a78131f71e6b45d9cc2b5b4c45cf1206bd15dd1609c950f2d335430da3ce311b2aa5cf7662fbc05c41d47d53a96cc0e121a64020c5839b98227f8b5e71d67d4e8d36fe91e88a70ac39b4795bcd43ba59f4e799bf603b7416c41de7de48de0227a1133e495fd9d79f0c1eea375a3801bf279c6fcc9d405e974f06c68868b7099cf35cf206964778174c78dd5ecf1df004068ccb88cb99f7914cff00e220102e3e719dcfdbf2bd6eb526f01ef9aafc4611b9c47188d7551ef31fd351e4b88c23defa84b5d20c9d73cc9199bdedcf343c135eca8d707380de00bd86e01319fd8adaf6af66496d46482351983c963f6ab1cd712e003889de6ff149bef0d75bf3bcad3095a32648533d7b65502c6869797c0b171b8e44469cd58302a4ecae2cd5c2d27b8cb8b6e6224825bd34576d5b970627c856a3350da88d0810b09d09027b42062c14a1742e8401d091d64e0382470e2810c30b92901720679602b82484a154487029e9a0270400a027b4a63511a980e69446a604f62620a02784c6a7840183dba0b2bd52066444f0b6f5ba84bb2b0e4bc17992608f3bfaeaa576c6978d8ed0d8f5940d9f8a6ef36d7000273262c7e83d166c9b59ab1ef47a1ec1f860e73f28ff00957741aa83b3809be4382d1d23658a5c9d2c7c12a929b4e918d146a202934d939248b18a69f207d505f478a965b651ea01a7a218a2c815e9287529ab0ac145ae62ca04d99bdaf76913d7a6bf7f42bcf76a004718868ca478c931d64f4e8b65b79ee6ce87317ce387358dab5b781235739c2dc9ad3bdd00f52b5e2e0e766e4dcffd396118632e9f19b401ba4437ce40064ad7302c9ffd3b3ff6baddef37d6f98e5f70b5ac0ba30f4a39d3f530acc91821b42284c428013ec9a0a7200509e9bba9e801a21214e0b9c10008ae4e212a40793ca56a60294155920a1284c94f0980e6a7828613da800cd09ed426a7b53107013d0c2526c50065bb5c7c2393bec556767308ea9521ba5dc6d92bfda5b20d7a6f703f0fc22f248178f541ec33237e7391f75972c96e6cc507b59b8c03031a1adc800acf0f5471fb0f5599a956a176eb05b5272e4ac296ca66efed6a40ebbad07d5637f26f4df82fa86d2a5bdb9be37a7295734a948045c2c03f0386defd9e258e23f877dae57bb3b6b0a50c713e7acf3d50d21a726688b26dca50712f6b04b9c00e696ad7f0879b00dbfe565f1f8b655900da7e32775bea734b61ee5b8c55371f039a7a150aabc1cba7454381d9f862486e299bd3f0b5ed041d6c4ca918cd9f51b76d40f80601de04cf306c871129bf6176b619955bbae06d371620fbd179e56c39a559f45d10d25c0c08dd75f2d2f0b7584acf33be23e7a71594db54cbf105a2fbc1a35d2f078e8adc5b328cead266c3b174230ece32e9e44b8985a5680b3bd9ac2f752ce379d09921c472919ad1c05d3c6ee299cccb1719b4c2353d0c2353c948ace0889a1382005053d3404ef240ce95dd52809a50030ae4857200f264a135282aa2410278434b29804088d282d08810019a5398840a23131066a5a9926b5142604deced76ba855a47e26bb7a3521d1079c111e8a8767d0eeebe201b78e63acb85fcd4dd8af0cc6d226cd712c3d1c0c7cc052f6eb1a312e7372791fe57167d82c395549fc9d2c32d505f059ff658688d627dc28d5f60ef87efcb8ba209f16ec10406b4d85c5e2255ce1da1c00e9f2560d6819dd668c9a766b9414953e0a3c0ec23481de22a6f33706f023764824883f1784411199bdd263306c6b22c5c4888072b67f9fea569c51044c4059ec7381718e303a0529cdc8863c718aa459ed13ff6fbbfdd8f555953074dcc05b02d0446bf71cb5f489b8d9eec794a4d99ba4c1d7255a745ce2536d1ece32b9df7b8826379adf0830d6b40dc8208f08cd73762f762694b1a0005b2770c08f84189b66239ad73e8816b758512bd0073c95939b6a99563c514ed2a33b88a1bb4c13a0959fd8fb38d5c65470121ac6807839d1f303eab4db7df0c239207652a0a2def35a8e74f20c868e9a8f3518bd98e71dd12addf0b478040e1e27595ab5bc955b4cd49d4403d7323d495a6a46c3a2e9427a71c4c52e9bb99a49bf9fe482da6781f4446d275eca6ef8e2b8d4106e9f75bf012e8e115ea22d2a6e3904f753233089817669f8b39296b7aa8a1605d9d7e48e9534393da558660dfd9dc83bb785603255eeccaae126eecd5d4628e349a0c70bcd72e6e22cb941b99728606acf184a1357052308409c13025098040511a5041446a04182730a1b511300c88d28529f309810f195035ec770734f902255c6d4a3e3a641b6e93c6e0b493e656576ce2ce4a6766716f7cb5ce24344341d267f03d165ceaf7f63674d2afb7dcddecaab6f3577400cd6736798cbdda7f2b4385a902562674d7048aef0d692ec8036e8b374003565c4731fa672e8aeb1552419d6d1cb50b318e737c32e33367b60398663e21a711798ba92562d91adc650a6180ef69c15260043b3904c749c8a8988a8e73007d4f0e7fb325a5dac4ff000fbe289b37bb96b9a0019c3440266d36b94388d497b9a61971e0a2e21d08fde5b8850312ee1aaae4c9228f6d9961e6a28c753c3614547917693cc92490d6f39fb952768dc47bbcaf33ed3b8ef6760e31c9598d26d22134f4ca4bc2375d94c6ef82e75dce25c7a93256fb0cff0008e8bcbfb0c3c20af4bc1bbc2174722fb5183a177925fa0155de229475530301d02162c000294322748867e91c54a761b027344c528db3cdca938b3e1517fec270dfa66012ca16fd93c2b8e7166d160a054f88a9d4f20a057f88aa71f2ce8757e888274ae5c52ab8c27902e0535282aa1844a0a6029c1300813da508393da800cd4f69426b93a531121a5102084505302936e61b54dec8bff6ae1c403e87faab2daac96ace6cdc577559af390307f94d8fe7c953963699761954933d43046c78ab1c5e2372390f99ca790551b2eb0223a11cd5ae2aa360b89c80cf2cc67c335cfa3abab6d8abc5e25ee749700208237b76748f99cb821e17064169964024de3d600e43d14dab826eec101c4c1322648d47f441a1b3690cc06f90f9405645a1c71c7f263686162ab9fdeb0b2f121dbd240b99d2c998da4ecdb501cf23104e647a03eaa4bb038430439b3d2ff4f34c76caa44c06836e02c39a6e91378f156cc8db336b556b88710608106e0c9bc73cd5bf792401912d23ee3e4815f08cf06eb458b5b200c89f7ea54aab1de88c9a3ed1f9f5554a99546d6c55ed211bbef25e5dda23249fef95bded0ed00379dc25a3f9979f6d5bb4754e1ea468d378323f8367d85fdd85e89823e10b09d90a25b48792dbe00f842e9e55f62395d03ff2bfd1d5ea10e3743ef09ccaec59f121b4a9c12a467ea252ee495f92c3006ea4e2fe1507027c4ac9ec04468aa9ba9d9b3a78b960715f24169d13b452061821d7a601b2b14d3748c993a69c16a64ea19050f10ef1152b0e7c2144c446f155e3f5334753be28bfd7f40485ca4328c895ca6e68ccb04daba3c602e053025512b080a50980a734a6012538143053c2002b4a78286d29e13107694469400e450980cc6896958fc6308715b6cd5463b67baad46d3a6d9738868ea4c49e4a32438b276c4c454a74d953e260cf8b7a8d5bf4e8b59deb1cd9b39844f1cae3e8a23366370ef761db70c0c6c9d5dddb0b8f29713eaa3d4c3be9dd9761b9670273ddebc173e4b7a3ab176afdcbda35b7e09316cb90b4dd49a77cc2cbe1718e30662f1275b993195b76079ab9c1d776fc923766f1379be679bbe5a24e04a397c32751d90c6d4ef070322d13001fa22d6205840fc0cd2b7140b45c0f4b0cc7490ab3195f3b4ccc0d22797dd2a6c9392429c537bc0d9169b1d4e763d146c6e3c318e7eaef0b40ce740154d5a85a408de324000789d24c0e645c5f97352e8615d3de5582e8f0b45c327ea749e69495118cacc2769b10e656607fe89dd1a17139f3b276c9c03b10478086833254deda6c77b9adc5b6480f349e3f4c00f6bba1de74f457dd9723bb0b660c31752665cbd66484658a2f665ce0a8063400ac6862f74444a86c4480b6349f261c79250771744aa95378ca46bd0189ed29a5446527276fc92e9d42d214818d772506539ae49c53e49c334e0aa2e89c31879257562e89505aa4352d097039669c953764c6628810026bea49951f827ef25a52dc25924d696f625b31800885ca2ca451edc49fd4e4f73c7e574a682ba522b1f29cd2981381400f4f050e53c14c0234a28280c28a084083351021536139052061ce5ec7bf7ccb010be1683b0b809c432a38026e47281601528a43879f3fbe4b71d8cc3eeb9ae889303fc33fee097205154a9de55aae39f7b51b6e0d7b9adf900a41168e2526330a69e26bd33ffe8e78e8ff0018f91f92978664ae6cb9676a115a532a713b38efcb2273dd70969e3cda7a7a266ed668f1517e42ec7348b659c10255b54643eeacf0fbbaa35b441e3464f0f8a2d33ddd50604f84b898ce62448b4233ea3dce1b944ea25e434411a373cccad457634650a16e4bc7a94771876d10307b3bbb97b8ef5422e7403f4b4683f09b5c2b4c432156e3663ec2f7e9aa85974621f0f41aec0d791205567cc301f912b3bb25829934ff00c3af94f15e8186d97dd615b41df13f79f53ab81b79481e4b058d678ba89b70b7fcae962b8c51c6ccd4a6e8b60880aadc1e2ff85e6fa13af5e7f5560c5a53b28a1dba9d4ca40e485300ed29e0851dae45639202436110141053d8e4007694b3643694e05218e0b9343d2a4078fcae94c052aac984694e05082914708f77c2d3e76faa006ca7b4ab1c36c371bbcc0e033f557384d94c6e97e68114586d9ef769038956b87d940677ebf85714a88d022380198f590815905b40347040a8cb471f3f9eaa6d41a9173f9cba288449b75480131971efd56eb62b037bbe6e79f43bbf40b2584a50649f72b63b2e97ee8710ef292492a485e4776b76783bb8868b801aee93e13e44c7fe4154e12fef25b20379b19b0b6375c05dbcf9917e530b35b47673a83811269bb29b969fd279d8c1d4742b167c7bea4753a5caab43058ca1201f70866898b4ab067882e880b3d1a8aeeecc6b28f4a8c0939c223f842ea8f81c12a25443c63fdf253fb33b33bc7f7cf1e169f08e2e1fc5e5f59e0a1ecec13abbe059a337683a735afa6e6329c32c0088882384837bf1d568c38efee664ea73695a172477f8eac1ca1c3e8bce36a50dd716c4ee9239d891f6faaf46a021cc3c5a4fac1583daaf25ee39cb8bbe674d56c398ca7751911a1f7ea84caf529d85dbc0dfd2ff00752c0198909cea73f69327e48ba10ec26d463ac7c2781fca9c1cb3f88c3373b7be27de4928d5a94fe1748e0ef10fc853593dc2bd8d038ea8d4dd6553436a30c35c371dccf84f477e615835f0ac4d3e08f04d69440a3d37a2821001dae4e941053f79201d21726f92e40cf1f0ac767eca7d401c7c2d391e2abe8b37881c480bd028d30182d6045bca215449b2060f64b1b04019666e55951c20e1f447116453cbdfcd215820c034f7aa7b7a7cff000b838fb9fca78164c47170cd03143784b4c11791f8d7cd19b11d79a48368be5f58cd202bfbe32039a6f696891f2b8f9e5728a29819fbe9f352dcd8fd3d06b7d4e66c50801e7fd7faa001819ccf51d56dbb3edfdd9d0527ff0099dba3eab1d4649ce396991f7e4b75d95a13483b3b6ecf47171ff6a635c96ddd70513174b7da69bfe170dd9fd27f85de463e6ac8b532ad39bf1507b96275ba31b8669692d766d25a7a830519ce561b57011355bff973d27a8d7d78cd63ea402b14e3a5d1d5c73591268682a3f74eaae0c65c9b741a929cf30168b64ecfeed92e177448d7937a4e7c7a278e1a9866cbdb8df9f049c261d94d829b384122e071beae29314cde6bcc64c201e41c0c29a28c0f76e4131ec9b68411ea23eb0b6a394f720553bbbaee0c3f213f65e7d566d9fcbce673d6cb75b59d18779e0c2dff001787eeb0b55bef77d6dd132b644aad82758cada7fca6eff9f1cbcc5b4d7fe54834a6e409e6df5d662c545a8d78301a3a9e39d9a05ee752324084a8ee00f319f99e1ef8213a983ac7cc291fd9cbbe271e8379adf407eb29cea1ef31c354015f570da119fbb7142a55aa53b0f137f4bb21d0e9f4e4ac836d04fcfec87528f9fbe681d85c16d7a6e3ba4ee3b83ade8ec8ab66b966abe0f78640a0e171f5685aee67e971cbf95da7436e8a6a7ee15ec6c014a1cabf01b49954785d7d5a6ce1d47df25325584438a8b90415c8a03cbf667ef1bd57a3511e01d47d4ae5ca924c6bb2f5fa84f19f92e5c82224e48f163e6b9720601e2cdfe61fea09e321d0fd572e4801d6f88797fb5757f7f25cb9002e107bf45e87d99ffeb37abffd4572e431c792d19924a3f95cb944b006207c63fbbf62b155731ef42b972cf9fc1bba2fc80e2726f43f45bca5f10e8efaa55c9e0f22eb7f1ffa187e7ea855172e57988a2ed47ee2a7f337fd6161ab9327dea572e522b7c8ac6886f9ff00b53e834170044cccf3c972e4840703765ef6d7a04d7d888e252ae4c04a82c7de885861a7bcd72e4002acc17b0cf87450f17a7be2b97201157bc454a6458efb448b1826e16dc68b9729e3f239040b972e56103fffd9, 'T'),
('J0002', 'IC005', 'Timotius Kevin', 'L', '1900-10-01', 'Jln. Kedondong No3B', 82132500170, 0xffd8ffe000104a46494600010100000100010000ffdb0084000906071212121513131316161517161717191618181818191a1d1818171d161a1a1d181d2820181a251f1717213125252a2b3a2e2e1d1f3338332f37282e2e2b010a0a0a0e0d0e1a10101b2b2620202f322f2b2d2d2d352d2f2d2f2f2f2d2b2b2d2f2d2d2d2d2f2d2f2d2d2d2d2d2d2d2d2b352d2d2f2f2d2d2b2d2d2d2d2d2d2dffc000110800fb00c903012200021101031101ffc4001c0001000202030100000000000000000000000507040601020308ffc400411000020102030408030604050403010000010211000304122105314151060713226171819132a1b114234252c1d16272e1f08292a2b2f1243343c253638315ffc4001a010100020301000000000000000000000000010203040506ffc4002d1100020201040102040505000000000000000102031104122131411351226191a114327181b105234292c1ffda000c03010002110311003f00b9694a500a52940294a500a52940294a500a52940294a500a529402b0b1fb52d59215892edf0db4059c8e70372ff001181e3581b576c30b86d5a0040fbcbb23b93a85504417820c9903883bab55c4ed72735bc16aeeddfbb0ceec40d4f1660040933c23718c4ecccb6c3965d438cbe8da36a74b70f8707b5ed15e256d94399a782912a7c75d38d6b388dbd8ac5ddb69ae1ec382d08df78cabbf3b8d44e821637ef358eb83ecc87bec59c1b6bf7ae84b87b8aae810b9680ad9c18520aeb20d66f49cdbb572c35bca32e7922275c9a471dc7e758751ea412949e13f065ad45bc2ec94b7b1f0e0002d2803873e73581b5b60766cb88c1cdb75d582715e30a4c1fe5dc6b3b07b66d3c0ef4ee88e5e66b36e6d0d0855001ad3b7534c57e6e7c63b32c2bb33d199b076af6e90d945c58cc167290672baceb95a0e87504329d4549d571b471ed83be9895136fe1b8a3913def78047f128e756259baaea19486560082371044822b7b4ba857d7b977e4d7baa75cb077a5295b26214a52805294a014a52805294a014a52805294a014a5280575bb75554b310aa01249d00037935dab58eb25c8c05c00c667b4a7c41b8b987b035593db16c98acb48d3b6a6d1fb4d8bcd69be3b9748e1dded19be6903d6b1705b2e2d6b76e432661690eada70130c6b3f0561530ea8aa01292cc46b30640e424fcabb605fee14961ada50001a91b98719d2775703f15653649d72edfd4ea42a8d89292f06159b70b387b16d18229d4b35cb8c3e22b6ce721188313974d644e939d20b26ed84eea8751ac6ecd1ac13ac4c8d79d61dc36c036ee6859ae221425180b6da66724810180550a74d78c5496cf70f6bb3660ccaa15e246b1be1b5d77d74bfadc9ca10b62bbede39c3c632ff00535b48b0dc5915b02e66b867c4fa9e15b1d6a770b59b841dd3afee3ebefceb61b38e04273260f81feb5e6ed5ce4e823b6d0b01d181d41106bb756bb40e4b98463ad9399278db6d401e0a4c7ad79ed2c60b6237b1e1e1c4d40ec1c51b58cb3727467ec9bc43ce59f296f956f7f4db5c2c4bc3306a60a506fd8b5e94a57a5394294a500a52940294a500a52940294a500a52940294a501e38cc525a46b971b2a28927fe35355874befe23183b63ddb0b26dda9ef447fdc78d33104c09d0789adbfac07270a5154b31ef69c028d49e7bf41fb5699b3b6c0887922029e3a00008dc06e15cbd7ea1af823fb9b9a6ad7e664a6c545b987553f1052a4f9c89a88e8fdc285ecb005d735bd7741ff00d78fa1af2d838cecae35b9d0377759d0eabb8f2d3cc1aedb43eeb10b74110ddd7cdb84e818f8004fb571e30729ec5e7a37f3b5648ddb3b4ee2dfba6d5d79b6f643846650e0aa83982904c80376ee1534368258bd6c395576721da32936fb3193b559395bb43227bc141989ad6aee05bb7c5ab887cf948d77e5613fca64454a6c0db48a82d38ec5804d18214ba4b0ed59d981906635f8547035eb6b846347a56b6f8db85feb9ebc78fa9c7726ecdd1f7cff00dfb9b36ddc1f689997e21cb88fdf88a83c1620c00778dde5c2a6fa3d7d5d2e04336d2f5c4b4787660ca01e00181e11511d20c3f65733db820fc483783c48f3e55e4eea9d36ca997f8b3af5cd4a2a5ee7a62af1762c78fcb95466d4b6d9465304104798900fa4d7a7dbd32662c00e3af1a9ce88eca6c538b8d6fee44c331893e038ff006794da8ae4e69450b24945e4b214c80798ae6b9ae2bd49c514a52805294a014a52805294a014a52805294a015d2f5e5412c7f527c871ae8712a27989d3c891ed5af6d3c712481bc6f3fb729dd3fd6b4f55aa55478e599aaa9cdf262ed8c792c799e1bf281b878f1f526b543d1bbf7ee91632130acf9c9555998dc0f006a66e8caa6e3f3ddf41f4adb3a318236ece668cf70e73ea0051e800f735c9d1d6f517394bf7372d9fa704915fe37a198fb43b5096ae401296998b40d64660b98ebb87a4d6bfb4b6a37752e232953a86050c1df3986b57bd636d0d9f6afae5bd6d6e0e4c263c41de0f9574ecd0424f31e0d786aa4b8651b7718c6f239b99c655b266272ebd91fe2209cb27879576c710adde3a1fc3bf5d6748ddbab7ae94757383fb35f7b16dd6e842e9171ceabde80093be23d6ab118937155ff1ea186e32b009fef9d6ed5ea6dfee3cb3058e2dfc28f5b97dd895b589bd6e77a1cd079e5d77eedd586d73b06918822346512c75dfc6019e75e89773699b7e9de13f3e151fb4ec82a4669ca343bbfe6a5d5079cc572429c9792d3eaefa1f62fd85c5e2735d67662809850a0c480b13241e31bb4ab2acda5450aaa15468001007a0ad57aa8ba1b656160ce55743c20adc70456db558c231e90726fb6294a55ca8a52940294ad0fa57b07695db85b0f88254fe1ed1ec85e40468680dcf1d8fb76466b8d947913f2504d47d9e95e09b75f5f38603de22aa3dad81db387837462482d941b779af4982772313c388a82c66d2bca41baceafcaedbb8973d4b26a3d4d436594727d1984c65bba335bb88e39ab061f2e35ed5f3458db5795c5db574a5c1c4693e0d962479d583d04eb2ae337638dd753174000fa8510c048ddac6bad321c1a2d6a5708e080410411208d4107711cc562ed3da7670e99ef3841e3bcf800353e95254c9bae154b1dc0127d2a1b696d75c936994ba9f833a86f4d7520c7ceb5cc67580731ec5572b1806f1ca069fc3c49e04f11ba2b11f6b5f12d9ecf788242d972353ae502eb7bc0f2ad2d4dcd2c45e3ebf6362a82ce59b0e271818936d619f2a9de3bd12c483ba044f3358d7f2a0899e25b79627791cc9f908a8dd97b5d995b3c332a900857411127e31bf771d66b2fabf0d8837afde60cc9732040b0aba060799d1947983e11cbf42cd44f6f0bdcd9f5235ac927b236333b8b9794045d52d9d493f99bcb878f977b65a52bb74510a61b6268ce6e6f2c5294acc505539d6b747d2c626d5fb405b1880e8c1741da280cade04f872ab8eabaebb4461b0d73f2e2d27c8a5c27fda28814de19ae913c3c62b21ad332c18af68219c1e0e47ed5c96804f2d7db5ab105c1d4b05ff00f976c8104ddbd9b7ea43900ebbbba13756f55547519b523ed38227e073753c8c238f70a7d4d5af55245294a014a52805294a039ad63a69d0fb38fb70405b80c8b8241dc012d975b9004006b66a50141e33aaec695ed30d6d99782de296af36fd4249541e0cc0f856afb57656370b1f68b17ad85d43329ca3cae2cafb1afa92955d88cd1be71583e7ce8e75958ac3e1eed910dddcd6ae68726a33183a1d09d39fcf0aded4bd8d7ed71375dc4f18120782800790ab87ac5c1e1edecdc5bf636c1648908a0e662143481bc4cd5198365ecd0b342c098ab231379e8d8ced7b16cf7564f381359fb336ddcba1801960a8f18e3e1f97856a1f6f0495b56b4f296f33caa4b61d8b99c86629995a60ebb846edc473ac76c54d1683c336fd8db48fdf29930c396e2baf2e55c7567b49b0fb46fd8b84c6208c8bbe0a06607c34241f21cab5ab985b897185bbac03032499248d46ee5afcebbed0b57addcedc34bda75baa549cf03bcc04f8660078d6bc21e9d99f75fc60bc9ee8e0fa0695e584c42dd44b8baabaabaf930047c8d7ad6e1845294a0155ef5e4b3b3478622d9ff45dab0ab41ebb4c6cdfff006b7f30f40558f6b31b8de0adeeab4c3d80c0a9e2aca7d469599824f8e7928f6451f5ac1c3bf7bcff00b15720c8e82ed2386dab69ce81c846f2b8827fd51ed5f45d7cb3b598a5e4b837c2b7aab19fa57d37b1f162f58b5707e2453f2d7e755649974a52a00a52940294a500a52940294a501a9f5aa27665ff00f0ff00b85517830bd9a661234d2afaeb22de6d9d7c7f27fbd47eb54260c136d3c87c8d10248620fc28028e4040aeb6eeb2b86e2083af1e07e44d7ad95511aea62badd480cc77ce9e15720cec62cb234c0cc3ead3e7f10accda3a0561ae80c73ca7fa9ac27b80d904c48d574d6729933c370f7aef8ebd36811c1a3fcca48fa1ad7957979f9ff2645237eea776d769867c2b1ef619a1471ec98936ff00cbaafa0ab02a83e81ed61636a5a68ca978762e38491a1f700d5f9591156294a54902ab9ebd9c8d9f6d47e2c4a03e96ee9fa8156356a1d6bece5bdb32f1660bd945e563cd3879b06651e245014e6c9c64dcbc39b37cb75791583e46a2f6662c21cdc49023c38ff7e3528d7839cc040ab64831b6facaab723feefea0d5e9d58e2b3e06d8fca001e51a7d0d5258d5cd65872d6ad7ea5b101f051c50e46f30cc47fa596a1925854a52a00a52940294a500a52940294a50117d29c3f6983c42f1ecd88f351987d2be75c1fc0be5572f5a9d2e382b1d95a3ff00517818e3913733f99f8567c4fe1aa770b64dab56db8b00321e47779695281ea18d7371c9001a0653b8e5f061a7beeae7b33ca7cb5fa55883205c63661633661bfc667e735cd8c42f67711b78883e2bbbce4135806fb2ab281acceff5fd6b9c2920cb441f31be75e677d524b82c8eb7b46420e52191813c218027cb7d7d25b3315dad9b773f3a2b7b813f3af9c9f099e518c36e98df1ba3c35ddff3529d0de975ed9378da706e61d8cb5b1bc7ff0065a9e31bc718e1134f9907d054ac3d91b52ce2acadfb0f9edb6e3a8f3041d558723599402a90eb8ba62312c703635b76ae0ed5c1d1ee2cfdd8e6aa7527f30f0d769eb67a67f654186b2f17986678deaa7e11e04eff0020381aa87636155f569206be64ea75a0230e19c2868312627fbddbea5b097bba337bfef5278a69827403455f0fd2a36e2832469e3cead8c10641b8329e55bbf5158c22e622cf0619fd5600f704fb0aacef3cf9790ab87a9ee8e1b48712eac19d749dc41e5e51ad4324b3294a54014a52805294a014a5280560edcda8985b0f7dc12104c01a93c0780f13babc76fedfb1834cf79c0e4389fe9f5e009d2abae94edebfb52c1b56905bb2e7f11fbc628d224c108b2b31bc8de44c501a2dec63ed0c5b5ebac189efb72006896d41fc2a34f73beb2338667badaa2680733ff1f5a84c4dab984bc549efae8c38303fa1106b3c62d1ed2a21d66581dfa9d7eb5640eef6beec3ee92047a89fd6bcdc1044f104fd3fad7adebb36c2f2607e7fd6b9ba2550f895f918a1079a21d7dfcebd6dd89b45b88307cbfb35de0488e123d8ff0053ed5cecfb806753b987cf51fb5483b2d8cd6c303de52066f28234f2d3d2a0f6de2fb5b8234ca39f2dff003acbbfb405a0ebbc95223cf4df50987b6d71c22eace428f33a557c60936dda16b1382ef5b2d6a0039d19d14920101594004ebbabc93ac8daa42818a685503e0b52638b31592deb5b2f59cb0966c0639db4cbc001ae63e3a456a185e8f48597d3c3e83f7a2590796cec31c45c6bd78b5cb8c7336793a9e2d3bcf206a72f325a1112dcbf7e43c2bd72ad94ca800007f7eb50f71cb124d5fa205db858c9aeb8db395049d4f0e42bdf0a824b1f85753585696e62afadb41abb0503ccc09f0a806c3d5e74646331685c4dab5171c70307b8a7f988ddc8355f82a37a3db12d60ecad9b4341ab37176e2cde3f4102a4aa848a52940294a500a529402a27a51b7ed6070ed7eec98d1507c4ec7e151fbf0127854b554bd7cdf03ec8bacfdf37847dd8f798a0342db7b7aee26f1c45e32ee730504e5b6bb9553d38d6dbd005372dde23811941e71a91e31155b3ab119a7d3c2ac9eaef00c70ab746a33b4b1d0960772cef81026a41c7493a286f2e75525d24b113241e07f4e5e5babcda0a0405d32e91c7fe6be94d8f621016de4099dfbb8d6a5d38eae2de249bd8784ba7564dcafe23f2b7c8f18df500a46de31c7e23ebafd6b26ded8b804429d6771fdebb6d9d8d770cf92f5b7b6dfc6a44f91dcc3c41a8e28680cb6da970f21e43f7af07c539dec7e9f4af122a5b0fb0ef5e2a96adb3b4124004f2e4399a872e522f1837172f6226b72eadb61f6d8cb4f3a5b22e181a6e39575e33f4359bb27aa8c75c20dcc96979b933e8aa24fae5ab5fa2bd18b580b7913bcc756722093c74e02a4a153f58f7cb63981dcad03d1547e9f3af1c0e2c446e35dfacc5cbb41841d407f791fa543a9ab220ccc65ecc6380f99ac6ae2bdec908a6e36e1b8733520c7dad7f2816577ef6fd07f7e1563f543d16ca3ed970785b07e6dfb7f4aaf7a25b1df1d8c4b7f98e673c947c47f4f515f4861ac2db454510aa0003caaad927a57007cffbfd2b9a54014a52805294a014a5280551fd7ae2fb4c659b03ff001d993e7758e9ec8bef57857cf3d3fb82eed2c4bccfdee41aee1691508f012bf5a035bbb60e53034004c70156b755384388c302e66ddace8887e1cccce648e301a7fc42b45d9b642d8bb75be12a63f9541d7d4cfcaa77a9ae91261deed9bd7112db8ed033b0501d601d5b4ef2c7f9054b40dcf09b59f077458bca7247763c390dc4c7280c01300839b74c35e5b8aae8c19584861b88a87da87078cb0d37adb281985c47462846e60413b8c69b8ee355f6d1b38dc105b88ecb66e10c1909eccb112a59666db9f1d0ee926b0ca52872f946d575c2e784f0feccb2f6a5a04f7d43a1fc2c0329e6083a547dde846ccb9de383b5aebdd053fd8456bc3a7a6ed8c85325f912c60db81bd8441078658e3be2a4366f4d0056176dc44e536db3027f290402a7dea55b07e489692e8f71646f4bfa3d83c20b5d8e1ada16ed25b2e661955635693c4d647570d171d49df6948f46ef47f996b59db1d227be4b5c3a9985fc283f28f4024f1327957af46b6c9b3710a43402a413dd20c4ff0029d343c2b5bd54edcf83a3f849c74ae18e5f25bc4575b880822a317a4387281f33007876770907918535ce27a4585481daabb11212d90ee7c607c23c4c0adcca38db5f582b6eb8b639fbbc42eb9641fe5247d0c7a135a058bda7870ab57a718bfb425cb6cad680b6e4ce5241891a2b1df1ac91154ca3b2981bb952324fa265071c67c937684c5636dac5cc22ee1b87ef58e2e651dd275e6440fdcd6d9d5c7419b1d73b7bc3fe9d58c93ff918112abcc733e9e156c952c4ea9ba35f65c28bd7045ebe0319dea9bd17c09f88fa72ade694a80294a500a52940294a500a5294070ee141277004fb57cc62e76d7dd9ff001333b6bbf3b973ef35f45f4971bd861313778dbb17587984303de2be6ec3a8177b3e6ab1e4ba1fd2a5026b6a5d6c428c3d948040ccdb8280411bb9d486cdd936b0eb98c16035768d07189d147f734c16216daeb0a07cff00ad7821389697d2d29954fcd1b8b73f2ac8418b8f172e8376d1ecd40d0eaace06b3e0be7be26acee836d55c7ece5b77486203587d07e19512374e5ca7d8d56bb42f35c636ad1fe771b95790fe2351785e90e23665e2b85821994b2302c19b4f190c7769e154922513f6c2a2ab6f39409e7a6ff3a90e8f6c1b98bef49b7667e3e2d1c101dffcc74e53c3ced609313884b69210f7dd4c828a150dc40601601d8db0da69075de776db3896b4816de16ede01745b4dd9a800682410786e039570ee96d96d5d9e86cd5355ac76d727aecfe8ee16c0ee584278bb8171cff89e48f2115ef8cd9787707b4b56e06b3954478e61057ce6a27a238bed83dc36aed96982972f5db878ef57d17878eb59fb56d3de26da0b60ae569b80ba8998609a0720ac6a74dfae80eb39cd4b0e4cd2dd9e4d436ae1132b5cc16256f5b1ab5b5bab70a01bc82092c3cf5dfa9e18781456ef331de24ea62741bb53ca38eea9bd9a9b49b14a97fb17b6a4b67ecd59940880aca8aa093a73d6634ac7c05b4b18f080884c42774ee8b8c02af2ee8b81878a8adbab99a8b79366ad4cbd297ba5926b676c423bf74100430b512c63519f80d60e513a81278555fd3bd9070d8a6caa105c8754e2b33a786e9f715f445eb408d47f62a91eb8b1138d017584513e22447b9aeba492c238939ca6f327c9e5d07e825cc6b768e62d0601d86f260120712608f7abdf07854b56d6ddb50a88a15546e006ead6fab1b0530080ebde7d7d75f983f2adaaa4a8a52940294a500a52940294a500a52b9140681d71ed536b062d831da98f120105bd234f5154961ef43ab91a8075e798ea6b6ae946d4bbb4f18c4f7510b222fe540c413e2ed127db85476dad9e8880a8320c7a54a5e4191827171083aeb5c5fcda20113a4d77d9a105b3d999e3be75f1e35e818fc4d1e4266ae41c88b56c5bb7adc6e7cf8bb780fd85479c1a587b6e7bce1f377b8ef96f0226478d675bc52282c3563cf7f80f2ad7769e3735c51bcceb1e3a2af949aacdfc2f05eb49cd6ee8b07a158a56c5446fb4403ce1949fa8f6ab1aaa5b786bb8616eeaa9474ef057054b18d74de50824661235df35beec5e95e1f1000ce12e71b6e42b0e700fc43c44d79ed4d72ce4eddd1dcf7c794c98c5b30462857341cb9c90b3c26358f2a8fd9b60a1cf7b11dab9100775506661a2a8d4ea0093cb86b598704998dc8ef90007df10342a0e82bae1916d2f7eee6d49cef9177eff00855456b2eb06b632ccc155a6d1c4e6c6df750080e06a01072aaab483a112a454e6dde992c1b584fbcb874ed3ff001a7320fe323c34e75dbabed958773716edb56655580f2d9e4b1b8f074632541df1a73d777494372f633a93a22ec92e1f061e136ce26c9cea4957d7b3627b3613f877e4dd12bea0d6a7d3bc5adcc45b72bd9981984e6824924cc0fa71abab686c6c3bac1b36bc3eed67d34aac3a5fb092f5e4b6802e6b8d6805006f78074e447ccd75e1171ede4e5dd6c2ce5470cb4ba1f6d460b0f97735a579e7da77e7fd552f5d2c5908aa8ba2aa8503c1440f90aef590c0294a500a52940294a500a529402b8670049dc353e95cd79e22de6465fcca47b82280f9af64dcff00a99322737cf5a9ada58b014aef9d3c0561637670b5788bb991d4c47091bc1e5c0cf1ae98abeac6010741564f8208e85425a274dd313581f6fb8492200988a91c5d9251a01dd3f3158183c2b5c2a8a3566803992600150c936ac3742b1b7ada5c4648700c490403b89eeeef5e22b73e89755b62c3f6d8a2b7de435b5d42246a244c39f391bb4adcb67e1d6d61c5b5119155483a9958e3c6a44207b6bcc6523c08fee3d6a01a3f590c73d9cd05325dcba719b5987b09f6aaef10120022734c2005c9f250093ed5b3f4fb6b8bf89600c5bb21ad03c334837dbc81554ff0373adbfabad97d8e17b66587be45cd46aa8045a53cb4efc702ed5a5287ab6bf91dcaef7a5d345b5ccbc15ae0f0ce1611dd00fc28eeb97cc29115e38bc166ef39cd1ae6762d1eae4d5cfb4b06988b4ec1417ca42346a48d554f12848d578c9aabf6b585ed150415b8f6c2813005d650aa41d4119a083c4552cd3edc61f65f4dad56e73149a5925360743f117edadc94b28cb2b9959ae1fcad9740aa7849983315c6d4d858ac115b849755322fd952190ff126a40f1120eb206eab3b137728f5af3b98b558cda08d49dc26b695114b8398f5d6ca4dcb94fc117d19dae315605c62a590957ca74ccbc63848831c263856b7b12c7698eb24fe12ce7ce09fab0ad92c616c3bb5eb56f248ca5d4b207e1de45215e3816063854574261b1b8dff00e92b697c6659f4f08415951a8f19e0dde94a5490294a500a52940294a500a52940294a50111b7ba3b87c6295bb6c16e0e3475d34823523c2aa7db5d0a5b3732be643c1b7ab0e7cff006e55778af2c56192e2e5b8a1979113ff000680a0768ec76b4a3230b9cf216ffd941f6a9aeacf648bd8acec02f64ead97965539079e6ca7d2b76e9bec3c359c0626e5bb50eb6e518124a3c8c8c331d20c191ac0315ab7473a5ff6cbcc97c2add6b60164dcccb30d1c4e5d743c0d4e41b7ed0da2599ee203f76c548e2627ebaefe5152db2f69dbb96bb442328049f08df3caab6b7d24187c6766ec191de2e03bc6bbccef1accf2359bb5adbe0ae9b964e6c3de3046f0277a38e13c0fa79c022fa2fd1f38b75b97bfecaba9bba7c4cddf16fdd816f41c6ad5daad96cdc8fc847e95abec8d9c830316ae1273769a98ef7e256f13275e260eeacec36d2ed70d710fc410f9903f5158eb828a33ea2f76cb9e9744af475a70e87c5fe4ed55ddab19f6baa46831b75c8fe40f717fd414d6f9d1bc4aae18162000d7249fe76ad5d5ac61768e27145c3874536803bee5c245e1e102ddbd7f88f3a4e3bb1fa8a2c50dcfdd60dbf6de352d005cc01ee7c07335076acbe23efaf9ecf0ebde0a4c481f898f2fec73ae96fb372713897ce5775b00e51c8789f0f7f083db38cc463ee0b5056d93ddb4bbcf22c789f90f99c8602536a74c6d8b4df660485eeab110bca5577b72023531beb33ab4d9bd9dbbf71da710f766ea7ff11caa56d93c582c163f9891c2bd764f47ed618a130d7147740f8509104f898247bfa45754fb5ce22e6d024ce6c49b8a7f849651f255f7a02c3a52940294a500a52940294a500a52940294a500a529406a9d65624dbc1bb10a6d81df9313988555e66737d2a8cd943fedb972a50662c34309f0c7f1180a3cf5ab47aecbad182b52723dcb8ccbc09408149f2cedef553ed6eee6034d63e74067ededb56f1a2d9081710010e7f038939516750d1ac9e7126b1ecf49f136c1b66e165299195b5000e02788e7502b53fb6b0ea12c34779aca331d6493c4d0125b0ba646d9ef8943dd743241fcb7163e175f9831e5b3b6de5b64badcb7711bf2dc53323504032875e3e3caab6d978757baaac241de248fa574c75a55760a2002680bcb65f4cf0587c28171c1696609a31399891a024fcab52b9d2e7bf78fd9ec96b8da021350386503e11f3f9d563da11c6b2ad6d5bea32a5db883923149f3cb13405b78dda0f6115710df7b1211880b6c7e6651a93e1ef58782e97d9b408b7702bb7c774ae7b875d55144e41fc4667c34aad364585b9761e5a77ea64f99066b64e93e0add8c41b5691511556001aea0132c7bcdea4d01b06d9e9d05b2eb872ed75c65ed1f4cb208951cc790d60eb1581d4eed85c2e34d8b861710b9518eece0ca0f5ef0f3ca38d65e336458184d9845b137eeb9ba75968000133206fd040d4d57fb4be11e1afb813407d574a88e88621ae60b0cee7331b4924ef3a54bd00a52940294a500a52b9a03ffd9, 'F');
INSERT INTO `jemaat` (`ID_JEMAAT`, `NO_IC`, `NAMA_JEMAAT`, `JENIS_KELAMIN`, `TANGGAL_LAHIR`, `ALAMAT_JEMAAT`, `NO_TELPON`, `FOTO`, `STATUS_BAPTIS`) VALUES
('J0003', 'IC003', 'Erick Christiansen', 'L', '2019-10-02', 'Jln. Semolowaru No 2', 85658081071, 0xffd8ffe000104a46494600010100000100010000ffdb0084000906071313121513131316151517171f17191718191d181d18181b181a201d1a1d1a1a1d28201a1a251e1a1721312225292b2e2e2e181f3338332d37282d2e2b010a0a0a0e0d0e1b10101b2f2620252d2d2e2d2d2f2f2f2d2d2f2d2d2d2d2d2f2d2d2d2d2f2d2d2d2d2d2d2d2d2d2d2d2d2d2d2d2d2d2d2d2d2d2d2d2d2d2d2d2dffc000110800b7011303012200021101031101ffc4001c0000020203010100000000000000000000040503060002070108ffc40041100001020405010604040600040603000001021100030421051231415161061322718191a1b1c1f03242d1e10714235262f1243372a2156392b2c2d2164382ffc4001a010003010101010000000000000000000001020304000506ffc40030110002020201020405030305000000000000010211032131124104225171136181b1f03291a11442c123526272d1ffda000c03010002110311003f005aaa1585050b92ee46efb47b324ba720078bfafca0f33402d03ae784dc0726c47bde231df27b19a0a0df4cb4f9fe3ee294d13662c191abef014b2c6eedc748b054d4028b13737f367d3da17900f1ec22b1d9e6664a0d2891d225ec36d3ac793505df789e54b6b8da32b2e411bfce189f289a504b335f9d7eff0078d7282a67b40d2a6dfe11eae6b97d211ad8f395ab0cc890efb0b08e9dd8390134525234f11f7528fd63931bfce3b3764e5e5a6903ff002c1fbf783122c55db55096506dbfada29b3085cb5ac96290c1bfb8961f1877fc5459ef24a41d8fd22a295874a265928725b572587d7da31e7c6a53272e43d15425074a8e8c1af610b95394b5055f924c1757264cdca25ba587889fcc617ce74783e3fa445468561d3254c04311e3db5f84304d4095265cb410a5a8b900684e809e607c269f3254ea6296bfe6f2106a4cb4a8295f88310458b83adecffac082b7545210727a13621834d9c896803598e6dc6bf38b8d1e0d2720495294bd58324161c9f97fb892a4a44a25085a947f2806eeda01abb0d214e1f89250b09a8791aadd692096e86fb1da2bd168d31c096987d4e1a16a1deb250916620b9e2c4c29abfca949f24be80ef175a4a596b4f7895e74283850399c73d0fe915bed0f67a627c52ce648e351be86f109e3bda279b0b5b423c564a5532427fcd6a24e9e141dbcc830353cb4ae74b0a2c80bba9b842d561bfe1f94798ccd06653a132c85a42cababe51bf48964a5e6a0053252a2ae7c694160dea0f4710e9255ec42b61b28f74852cbe6cd648d070fcb068917da051944378bf3ab65741c4035685baae9207889079f9c6f34d391950b55c5ddae7a432df605d01d3d5855960b073e11b79c7b2f1998949422610858621b68082d94a43e9c68798de6a18b35db88a7000893372213301753deda0f387587562a64b24e74b7e25241b83a3fa4571352424a3359f46865473d494b662410e500f944e4af4c26f3e6a95332a7c5c6d072104a92920856ec6d0b7114f74b0650b9482417b742f04d1cc5b3b3a9f62de9116b76722c7455425a4259cbeadaf020fa942c80729f107ca2fb7c210d24c5e703212146c917f3f48b153d52c289c852c3290f197225c770fc8afd261ea49529839721e2b98f09f99f2d86e2ed1699f366a4b28784dd3cc28c466157802db9261f17c54ef9036ca5ccef8927c51917793d9752920e7171cc646dfea21e9fc0d42496b0415127774fd63596a75a49277f4d7e71b05055dac2f7b3bffa88a42893b11651f3e3cef1b79b3d89545c52dfb77f9fe7b9ed4484b38b016bee41fd3e502a93958f21fde27a8593941486725bd6229aa49ccdc06f43afce1e369197328ca4dad7f1dacda45df83bf1788e7a98b1d237a6110d56ad0c654c8d0082fa8e912cc166e4fa86ff0071e53235621be713ae9c6c5e164556e27894329886bf9fa7a476bc1434a922f69491f04c71b952879b476fa296c1238481051292d9cfbf88eb1dfa5f502def14f2a480b2f9944b00cf616f9bfbc58ff886bff8c39bf0a65dbfea72c3e515a9744490124b36bd7cf68c797536c94b964730ad2ca62069a6f1e22728b926e058fd04153a72cd39040b59b52a6dfca35c128cce50524048cc12cfb9b0f8c46dd6c546265ce09391c29b3122e42474e1cb3d80b93054f49a7a7913d3351254a295305154d3720a9402d84bf096090e2c0b1730ca5cbf1292a3933d3ac28a139a64e28590a44b480a210d950a2df916589bc2ea094a9b40b949932a52924a57356a2a98765094d9890d2c24a458e661b98f63c3e18e349cb92b72aa431c67194a66489c9ac9d366eebeec65484dd45160168cee32e764dc5f58b2aaba52664a9e9a84cf5da5952920070907c447e2b970c0902cfa455e8c54d451ff002f39624202404a532fc45416e54a0909480d60016d1ef056093eb914d3242a627232820ad399449601f2be4013988624827711594f1beebf3e83c613f465f2890654d01425a64ce09cbdd80909984396000241bdc8e3d01ed389f4e7323c682346bf50da1fbe22a54fda612e9bb9aa92cb4abc1380294bb78491a9b03e202ce971cdd2baa175386267218a80cf723c59090a6502c090091d788c99f0c5c6d1abc3bff51465c3d1cef11a844c509a8486ca41d0789c3a4717847deb4c01dd828fa9297fac5ef1994855222a5218a9a5ce0431253e14acff0098b249d4850e229b5d41dd4c48507cc871ea46bed185c7a7447c563e89b5f36892aa85821695839c174f0dcc092a483aa83bb36fef05c9ba880e2db8773134b4264cd0432d26cb0d71cb3ef0a9f632e8532699d643e5e0c319684cc98943a810e0ac5ca8c429cb996402013e0dc88270ea65a0aa6a5945372f6d47c4c0ea9011a4dc3c495a8ab365fca5435eb1e61f503366dc1b4155354a9bff0034df6076f485f265aff194ab20ddad0252d1cf431adad54d999d62e2c4fd21ad2d02569b2d8984a29884059fcda07f8b438eccd3a664c099931492124a48e46d1292bfd3c9c32a5a39d2907bb492a486755b5bd9fd20ba492a5a732e6313aa459a209d54a5acbcc22ccf19252eb23fb402731d7eef1069cbe8146b569ca927315368e5da01a2eeca8e64588b1d2ff6d0d3125c94c93314bca4d8277f68a8d6d592c3302366b3c1c71c8dd3efea0ba63735284f87392dd63d848aa750fc9f28c8d5f0c20a80bd91b37888d36b748de64b59172848e80c2c356b3aa8c7a90fa978f47e1b3d37e2b155537eeebec83c4a481e29afe4df48d42e4a74493f7d6204cb8f7b986f87eac8bf17fed82fbfdc614d5214e9090065261455dcc35a291f88ff008185552482469c8e6f1d154f40cb91e48c5cbe641294417de0f9249bc0088694e9b0869195325a4984a9239581ee408ee12c4715ecfcb79b287fe6a47fde23b5ca1ac7550dd4dbd9ccfb6012b9eb4b02bcc0f92529166e4a88f68ad54d3cd933021829c672949f818758fa50baa9ea2a65254c0696481a9f327d84556beb9626f7880493627a479f38beb64d934bc48998a25200219b61681e97c2a4a466caee40d487bb36e43b44d3ea652a5ba41cef70469d608c164aa5cd4ad692ac8a05ac0d883a415f3472d961a596553f382b42a519896b325130e64a5248b1c8412a4b3998a0fc1d2e425364800740d0a69f13972e5a939f292b52b32bc4a292a2c003aa9b28bdbac0a3147428a06858ae6100ddc8b22c1824ddb9b8d234cdb93b6cf471c942951648de54c1a5fcd8b08ae9a99dddadd27324819497bb2490e0f8b52220aaae584f7895a3c48243a72a665d214941480730528000b6875624cd515964f42febecfa664b2a1312b1bd9c791e3d62bf8b4daaa491324a1295d3ad0a4643a0717c8469624b7315da4c4952172a6673a8cc01008567ca5053620640ad8dc88bfaa522a69d489856849b8015e2045eca66b796d1d2b83b4083bdf74563b2f59fcc61d5295857f45499a951d4b065023721203f983a88adce9ca54fcf309002433eace5bd22df4b4099295212b5a84c7410e00198100a8070ab96db7f28a4cf9eb0b583ad801c0bd874d624df5704bc6b96497c47dc6736a50a5294a510bdb827f48124e69de14b0ca09725be3014a9c851cab25206e06a637ce53a312db75eb1ca1479f437a2ab4ca2ea01472e50fb75fbe627c271232c92a2082a7b87f58af2d2753a3eb0ca9c1292909cdd4085946d03a993e3684cc529487be96fc462097df326594cc27fb4703ec436a15a0207781c9e350761d041f25dd13153032761ae53f6226db569701a014d14d2d9d0004a75360dd3aed10cac4a589832a14069ade19e318d1065db30037dc6d68549a80e26b25d46c035bcc42420eb805114bc6085b0d1f7eb1779b3a9508131400247dbf58a5e2185a26a7bc428215a9bea60cc5b069eba342ce529034cd71e9bef0c94682b48d315c4a52cd93617049785342994b98ea5307d2069189bac267001360728d0431aaa7a5cde07d437e9158e38c5f50b5dc3554e1fc2a0db5e323d3552058dba46466b4fb33b4544089652e332c43312447b8ca0cd0a0d12084c99e44489ac302cea2cd461924f2c213e2928999d4dbd5e0aa7ac3dda7a93f28166622cb76beb0aab6689e9463da97f3bff00245269db582902d02aabfa16d63d95583830ce8ced31bf64c7fc54b076980fb5fe91d9a5aac638c765d64d649eec5c937568190a2e40b98ea1472aa42095cc94a37fc8a4db6be737f4801ee739c427a13513d762aef0d8871aeb0053caefe6e75654b9bb44788ca698b5af551516d9dcda21c366e526f73ced1e76577d544d8eb17c1520054bcdde5992db72fb4789aa225ac4c090a0967d09fb30db089ab5cc266850195875109bb595892483a9b7a44705dd3ec5b0c6dd824e4a568973d52d537c37bd9c30e0e52c90ca36e74102d3ca3aa549cca49072874942aca4a9c59f83b31e20fc12ab2cb087d1dbd60caa989097b01a931adbd9e8c31465b6c229a8c094c6f6bf578515146a25a5a824ff0090cc1f96717ebeef096a7b4730e700a99d926dcfc21c6135e952415139bac76d14f2364784f66d66689b3942cacd94392a53be6513d62fd3ea47f2ea2cd9748ab4daa6d0fb41f4788781401722edcd89f4361093937c9dd318ad0661948b528295f814f7200cae0dcb6ecd6e861549a29550ea5ba271720b305026c483b9e7de0bc4f1712a9d682a29cc920ab56041205b4502581b426eca7689135453372822f992c12740ecc08f36e625be9b40928cbcacdebf03420b06200bab725b48aea424b9dbe71d7a452266a5d2a7f262fe86c4fb79c54b19c19398bca0557fc3e125ba13af4b9f9c1848f3f2e0a7a2968caec4967d3a6f0f914ccb0994494a92f6b35baebfb423ab90029d3b598dbd1f4f9437998e295ddba7284865736b37483913ec676a8daaa9d72d95aa55b98965ad294f8b5367063da7ed021614855d2cc03e9034d44a21c120bee6ccd114a5c4c4a36ffc3662ee9cca176e3de16e252c2121f305ee0da1bd54c549940a6605a5b9b87e042b99526621e6dd5b1dc88b46f5bd06867864d4aa5eeedac1788d7a0cb284294186fa9f6b427a0c5bbb419690083cebef1150c8ef8975e5512c033db7812c695c99cd1acdc21453992dc8dc9fda3cc1a9f3a989650b849fac5a708c372ab2282a6162c1e128a89c85aa5a25302a6722eefcc4d4e7d2e98381a196058cb413cc64259c67a544117119094fd41600047a50f163ec4767c542d4b9979482cdfdcae3c80d7cc45fce1b4d310a9625cb291e12120784fa6863dd48a59c526c8818a61be294c654d9928fe4514f9b1b1f6805488571a19319d07fcb4383f88e9e50bead073befc7ac34a50d2d3e67e502ce43adf461722f138ae4d3937d2be485a1f88229e59510c3ce08a791a299c0fbfac132d613b5e1a88bb4b6583b0b4c05522d70925fd3f78e9cab4b3e4639c7f0f83d4bff0081f9a63a355da4acff0089f94162238a55baa600c4824fe1dcc686984b0b25f30d070635a74ccef3bb00e7e0ec7e91ba4154d62598b1b6fb6bade3cf7c889075262d365ca529648481992793c74fda2a6713ef67392f62479c39ede4fca8421235776be9a7c0c53b0e70af48b638eacd715d2a8b2d0d49cdaed12e215c55e1177b7bc239538a4926e3e713d0cd26605136d7d639c4b46741b2f0e9ca0de0482787f7eb134da45cb0ef6dc7ce02afad5a8b8761f48c9f891c801dc811cd32d2cb1a1ee0f5e8729980a86ae03f3ec6f0caabba5ac14785043f1a74d776f8ef1cf25cf295b3c5970ca8985397292ad5c0cc7db706da44b242b62c325962ed524a6404b92e8774eae0121d890cce39e198c729935652a7412083668ea9578877882948295a10a2950b9fc2cd76b1ccec5cdf98e4f573734c2a2eefb9276eb7f4da29816b64733d9d3bf87b8e295e0cf7d81d0b79687e063a1564f4cd4e598905f7d7ef68f9eb08acc8ab1223ae764f18ef139260f10f436dfac67cf0e8768d18dfc48ecf719ecf9cb99036b87cce36370ee229d3a9ca1790857549b37ecdbc76334c95a405b11b38717df63bc2ac63061fd808e8e40f3bbfce161332e5c1b2a6b912bb8cc9979491b0b7bef15f453cb52b2f78406df6e917bc4e74b1213288620d88d1b823ef48e7b894a299848b24e840b185c11926dbee639aa633a1c055504a5335032ea49d7c841537004cbb2c90a00b1d8c57a92a6ec1c36fcc325627332e452b33fa911a129aa150bea68bf3836e905e095a52a04588d6d0bd485a4ee5060e453828b0f3e628dc5c4361abc5e785f7a55e107f29b9b71c40ff00fe46a5af529bf1f180449ee9641721bcfde1f5060684295992a2b29f0e52183eaedbe96894a308ab3abd04f51893a89249eb19052f055397491190564c5ea85d1d070d92aa7c31d00998a96561839ccbd2c38047b42dfe1dd0d44a9930cc96b42149d5419d40f06fa1316baaad974d4e95adf2a5294d839d00115ca9fe204a1f824ad5e640f93c7a75e543153edb06ad9de60fba1309e58782f18ad35139738809cc416d59801f4811058c093d8c86c25f811eb0bea43586fafa343642ac903fb47c606aa940adddc003a44a269cbafd97d812992588bde3652afa37d22702239c8724b8167fda1c82de8b77f0e10f3967608f991fa45eb18565a798a7fca4fc229ffc35478a69e89f998b576acffc1cd03749101811cd311a74e4fe6113d2a5100141b2803c46b83518633260006a92edb9f7bde211214c173400129e1edb07dde2ab8e63ab27220b27a7d38118946f48b6387f730bed9d7a56bca0b81a36fd62ad22697b5ded1b2f313e351f225a2790123c3d768bc524a867b631c33069b50b3dd249cace4964a5ef727d6c2fd209c47b3f5121256a0950175141761b920805874168ba76712a4d24beed2a3986651482d989dd85c8000bf11b2eb5ae52edab6adbdb78b282688b9c93398aeabe23e3104e9cff007c4798a25226cc12ff00e5e7564e890a2c3d9a204ade27d3451ced13a525571ac5afb2087241fcc3d52d72437b7e9153a69a50b046a0bb1d0f9c5e70f29713259ca49ba59ae46a0b103e9e512cdc516c3cd8deb65012d4504950366f158b86501720dbcbd4b736c6d529530e49665a8129526c536b0282902cdcbdeee5edd5aaa4e746724a1440ba59f62012ff0085d8fb453a9bb3467548764a5cad4a6d89d1b9f5e7884c0edd0f961dca7d0a0050cc1c7dfc62e9d9dc61092cb7053a299d4079ea46cd1a63fd9354a44c9a86290a0c9e840bb6ba98ab265add92953dec03ec5f4e8fed16cb8fab4c9c24e1c1d8697b400860a7491650ba5fe87ce1e49c54e5b826de64fcfe11c2e4562d3bb1f63fbfac3dc2fb4931240cd7e0e86314bc3b5c1abe2a96997bc5539bc68720ea34f8184abac4f77325194144d813b1e8632931825575784e9bdfac37129390b24151bda05f4ae0c79e1e85668f075a0e79896469b69cc6f8de1729212b94b0cda6f16e914c664965ac07b335c0f38a9d661fddcc292bcc94dcece2063cae72a6e9a31b4c2b05c3d33e5e42595721da1563721729867054fb7dde0ca097dfcdc92ce536ca03ddf883eb7b2ca0f9d4491aef097d12b6fe82b24a2cab9433a524d816e7ca1849ecf214a0a4ad491616b0115ca44ae4cd195256f6096777e916d935c54c260eef57dafc4679c1c5f965c9da279d863288cc0c64689c5502c50edbdef1919fe14cea43bc4e83f9aa4c80819d29524f50c4457704ec210b0aa829207e44977f325add221ecff6bfb99625cc49501f848d5b88f319ed92e6028969eed2752fe23fa47d62daa6309578785d44e247842d64369aa9b43d22bd5525495298101fe10e115043b6f11a80301ec646899f94072ce848f9de16aeb1409dc433ad91e34b0d0017d21655cb62ab70de5118e8d79db93a7d8924d7b6a2c7e21ff68227d4b00cdae9b8d2150206c237946e3ce1ac870b4754fe1a27c134f503e062c9daa9f2d34e7bc232ea41dd88fda127f0e10d216795ff00f14c6dda9a235130a56e242400acbaa96ea394746049dd9b97027c68ec4adeca65595571c921225c949f14c3603a01b9e83d4c1b4bd85a04a42d6b3395a9f16503ff00e47c893198a59094ca4b2526c902c05ace3d77dcc5526d74d4cc6493ab70ce78e2c61b1e28c16cb4e77ae037b49d9f924669086f73ec4de29e70b506f0917e2fed1d770612ccb2a98328dfa9e8798d2a6a64a4e64cb04daece7f63072ca09071e29cb4ce795d8a4c97351264cc52532464f028a5d5aad563ba89f4688ab3b53354a502732b2b059d43f2df8b97eb164ed0767a4aa5ae7d38cb3024954bd896d87e5574d239c806e4ef785eb4d6893c528bd91a999bda34931b91668d6522e3e30a7504ca483bdc5a2d3814e2c01367be8dd59f43a5a2ab22d787b81b8980b664bdc72370fe512c8ad17c5a65eb0ac4548f09d43b91bbb59f626d134ba73dead729252e03a7eba0194c2a4cf629bba9d93a5c0e4b36e20ec1b1c12667f525a94952728ca1ddfa5986bef03024a457279a2d04e234f37b9cba921fad8da2a48c326e675324bdae01ff004748e91ff86cba9505d44b6003251a103524f9b4319bfcaa13dca508e88401d753f48d92db33c55aa281816114ea50fe63bb234e48f8e9e90feb7b0d864e4b20ad0ad972cb25fc8b885f8c534d33004801572902c3d85c9f383301c2ea01751c80aff0b12c3a3683e308e37c0edfa953c4fb293e9144a57decb7daca1e69dfd0fa41985e2e52c0fd88653bb4e09c8b429ee010a7cc03defa16882b70d4ae57792cb2efe1dd5c86d94d7eb10c986d5a075f663ba0a84153050721d8f113f69fb38999282a52fc5a90c18faeb151c16799691e14a8eaa2f73fa45c6662ae33b016fc038f28f3a6945dae48668a4414185091f8549529400cc94b1fd841d2f0d5a8e552921ee49df8f3301499fde90ca67f874826b6a939d91e2617dd8fe91249a76f823a2597952b265b787dcfac20c63160a99e016ded06d2e20a966610521490ecafcde5158a797dfad4b2b09bb91063893db42bde8792322920920131913f7091674c6427c27eaceaf91529292a5048b92401e663d9c9295149674920b720b43cc2a8e5499e8133329667293298b00259fc4ae5cedd201c652114d2d6994929584a8cf0a75672e4a487b0dbd23e8e8362f78de5072072613aaacc4d87cf26627ef68494a915c50ea9a4fd50ed7e252b87f9402ba70fb924dbc86d1ea2790cc4310e7cef00aea1599cdc03e5f7bc2a6a8ae4b7377dc966d3036fb781560a48076b7c633be53be97f631b49985c582b7683a64f68eb1fc3e2134998d81512fe4dfa466395bfcc499a84a4828f1cb20ea4660a4f57055ea610ca90b93492d0478d5996a0f701c948e818a6d1ad3d42a4265120dd24a87249261e110af2ada23c0256742828f5f7d7d8de114da642ea40496720682f7da08a1c772921160730f4627e0c3da05ec94952ea0cd2ec943e63fdc6d6e2c4c74e4a312dd36d5772e336629290909f08b016b0f58126d62c68851f2fda359f354fe15248eae3e2d00cfaa9a3ff00d6e394105bd2c7d84606d9b94689d694cd0f7cc351a6603f291cc565786532a42ca9252a62417d0dd836843ed0eaad60a7bc42b2a858ff0090fd442d4e0ab2c1dc1114c7172e09e4928adab29b225a4a483af3d604ee98987b270c3dfaa49b66fc36df56826b70428014469af96dfa459a746549dd3104b95bc3ec1ea5281c3ea786166813f915a86548df5dbde1d5376666225998a71661c39e3885516c75cd20855468331b3123470342c0e9afc7482b069e573536500ee1ee001a80e3484b4f85ac92ce4ed7dcea7a5818bef64f01012a5b3a8f85fdb4bc18e3a61ea7b7e838abad42d2cea0752a0468db96ddcfc62b089e848605412ee5c175017f40ce21f63d87e492400c545b5dbfd3c552a68c124241001090c75dc9f80f78a49138b928fb8f307c482a602e92c38db8d22c2bc54000f84b07dacfedd62b581e1872a9449d5af7fd7981fb4285210a2cee5831e3e1cc3c75104efa9468548a24ac022e34f4d4fae9f1896ba9952fbb50248524db85036f46b3fa7929c1abca52fa306039f2f327e317da0a31365a37cc0b74b5a05262a4dec41269730131080a70e7fc4f940b535794789ec5b8f483e54e4ca796a3aefc17d7dfe661519e9ccb4a90e9ba403b29f578f3b3e1a95f62392ec28560ca0870ff001107a67650909243a5d4e3ef7b449835325520ba46746a5ec47b5e164dab2b55886d0464aa64ea862552fbb2268650d0a7ea7da144bab44958006a6e7a444b99e3016e41db6b46f53592730577609166e60f7e0e1d7741570031d2f19008c693b490d1912a983ea78bc6e94cc135456552a62ca02459616d72fa3178552f17912e5a532e52944a90a9816a74ab25d80d813ac241249d01312a68167f29f947bce7ea5a38a52e1360d30b9274bc11869fea27cfe9132308987561eb0652e179141454e46800d4ec044a534d335e1f0d9632526a926b9d11480c5db5247b1780949b96b87f7686a9a629242868f6e098f30dc3cad6126cee6fb00097f68748cd37b03a1a02a3e2240d7d62cfd95c290a98094f811e2575e13ea41f40615ad4cc00249db525f41f7cc582aa5aa9e5265fe737511fdc7503a2741ea77878ad9c33c467a274c62f7b0df7dbfd6f19db6909127220dd804f2187c217e06487985cb68e37f7bfef08fb5f8e2bbd481c306d1e1d3fee29d4b8fcf9093b31485550a49fcb2e62afff00411bf5508b351d2aa5f846f72621c2a858e7506514b7a1627dc81ec20b9d5395cc63cd913d234e183ab62cc6b1cfe592e46624b048dcf9c0927b4a8281354e95381ddb17b9670d623d8c24c6e66759505a5ff0e52a02d63b9ded68829a9c2a6a25ac9424175280ccde835bfca3a18938db132788929d2e0b3e215c14a0a163a11bfa8e76869231f2d64953368c7e9145a81954af1b80a2029bf125cb5b6275f58b2d0a554e9ef152f6b026c7ab6f1782e8d211c9e4eda16e378a3cdce0b2810a1d08630feb316fe6241290a50282a504024802ea1a599897e2f15bc628559897670fa737fac33a6a15a2892b4ad6144a8382458386f2b1f7864c592937c04f6627a55fd551003e54206806e75d4ee7786b8e620b5a0a65b9ca331b90002ecf73688bb3786669082387f94695f226c99de062e9f10507047163d4c356854e498ba829a72d82568049b8528eba30b45ffb2948a08c8b5cb001d5d94f7d949beff622882bd0825a5923fc482079696fbde0b4f68480a19099caca25cc2e0a424e8da124307e9bc215be9d2dd9d0f1dc0c2d29026292ceccb45edab308a2e25453a9939964146660a194824e97055b0df88d0e3b325cb1decb5a892e0820306d3a0bfc215e295eb9d2c2423224af3104b9240f21c9306dd09bb49ab45ff03ad02520100db31fb17df8851daf9b2d59500b10093e6473ef02a10a4240ba4b08a86298aa95395770ece36beffbc349e8e53b936cca2a5212903f08f71fb39f711d1bb3f56112529074773ebf28e6d8862002c21361940f33a8f757ce1bf65eb94a252efb81adbefe70b139ba4d234ed24c299ca6b25f5e875822817deca4a7293310a627fb9f42474e60ced0e10484cc21ff00291f288f021dccc4ac966b11b11b5bcade913c90ea4d0928dab7dcf11433504b97ff001e9d79816b642a5a92a66e963e968b055e2444d0dbec370616560014ea048776d5bf48f26e49d333b418b940494cd9b2eca1e1214cdaecefb45751943ee1dc18f6aebcabc370069fea22420b07bc3ac7ab60f993ab10e0168c820d3b5b324fbc640f871f4002ceae21ac900fac6b36a16c083a87b0e0de064c949b0578f563c313aed1ea27b005ada7a0d447a9d091e87f5592569b7f9ec114a95acb12487d5d9843becb53a455cbdfc459c743fbfb457e4e20125fae821e762eb42aa91667cfef94b7d6389ca49c2bb9ed681de289ddc8f731e6113015cd50fcb2547dd93f2540788cd23766041f31f663cec6a8cd9b32568664a2907a85255f482a4afea7658b8c927c6877d91a14a146ae6dc20a82127916cde9a0ebe507272cf984bdc9f6e07df306cfa14a95900c89daf761bf0215a54992bfe9e698a1a151000eae04517963b0d6f48b0d6d1044b6704246bf7d6285268539ccd5deee949f8130eeb710528788ebb0fd77847533df98866cc9aa895c78df2cf67d4927880eaa6dae637077315dc76a9983ea5fdb4f8c658aea91a672e8882d75520ad81fc21afb9dff004f48758350ca952bbc55ca99441dba0e90b700a6973d602d20df5dff007833b5724cb9c123f094828037dbd0b88d86351e9f3bee4ab9295a81480376d80d4c35c52bff00993c7f68fac56286a751d2fd7cba7fb8d686a485004dcefc06d3cfe5ef0530bc8ff72c58fd731b01f853f21d60e9b8965a5909b7e72cfccc574fac55bb432ce7058dd20ebfb41f8bd3a93264ba1ffa40efb87e61ac0def8edfe0b9f67b12cb4e8b80e096b6ede70b3b575aa512b7b68fd435b48d30aa25f74819744f5e913d55167499647e62de70fba26a4bba2b9844f7ef1443331039fc4e7c8fdf11a56575df5ff1fed3fa710c68b0a32fbe42eca50194f50fa7be908a6d22d2b66f16e4ee38f2eb08338b8f1c9d0fb2d4fdfd3954e208cd941ddc01a75bb3c2cac4a5137bb50b3b0f844dd9fc410890250d50e1b9724fa42ac5ea54aaa941d980f993f20219f032954927ee5df10949eeca9274492de49e37d768e4b554c42cadd88f893f67da2e98de29964106cfbfc4fcb68aad256098a014dcbc093d8bfa90b6a10a54e7d182466d7f280e22cfd9291ddcc4966bb13fbc0b3e9928092ab950f8be9f288958a335d9ec4751fac2a1aba1ab3a9d7041965218dade9c0fac734c46b4a545cf4238ff00478e22c987e26a9b292458b3424c7f0d566ce03056a7af9fe90efd45bbb8a24a2aecc8f10199034df2f3e9afbc1a57df4a082c902eff0098fac2dc1241428167d94fba76fd3da1bccc1ee400a2e414b397074f5dbd23078b8f4f9c8cd6ac1314a09482967d2e217c8090abb81b411594ece2f9d1a851bfb46f4f87ad937483f88736bc422a972489c5420599bcc3c641abc2e612e778f23ad0dbf429ca90a52b924ebb39d60fa6c3d65f6625873f768332976ff2ca0b6bd7d9a229f5c2e00dcfa0b37ca3d3942cae19a8cada17af085d8e600126da9b436ecf61a53532bc45fbc4fc0de0099564e9a083b019e555920beb30587a4068e7254ebf3d46dda1912c2e75b559f4bc2ba1c724d14b9d5094e79800952c358296092a51f24901bfca1976be510b9feff2309706a097395325cc492912b3370b4919543adc8f2279858fea7ee6af109541ff00c512603da3aa9ea5295e17d540edc0061ccc9c0061eb0be990101936bc62e6ed19a791b65210f532a26c0735762446f998fac4625fcde26568c996401153c45066151176d3d3ede2c78ad46496a3d2de702e0f212a402e06c7fd6f17c4ab64b279b407d917495efa5befd21c76882676509ba920b9dc03f381e82689150c2c15e963fbc3ded04f4f759c3050372017f778b226a2b86cafe1984a805294198163cd8b41981f65d4b566b04ee54756f2bfac275e2ab5324ad440361b5df6f48bb6095653213637079de192b13aa2937fb02769a85085246604048167da0ec6a4d3896996a0a2b12501243000b5ddb58aef6beaca95a7e5dcfeb12768ab0f79723f08b31fd21f8039dfec5db05952cc896a27f2dedbbf2442ac4b184ca9cb012087d0b3fbbc4182d5a849962c7c22edfb455bb4752a3395e2d4f5e0417c0b19269d9709d8dd3cd09484a90b07295163e81aff000896a70b44c0188cc3feeff7fbc5270f9e7bd1e2d56f70798b9aea960ea35fa405b394d2a9772ab4b4d3254db90eec5cf27d843fc3a8bbe9aa9996c13ed6e4455b10aa5198ec0b2f63c1e9169ec855e54bbb13cf0df7ac04379537ec2fedd482896802e092e3c8748a9e092c99800bddc8317beda4f1372274203fbc0385609943a83295a1e91cf6c118579902e2aa2b4a80b6525b967315c932c92c06b773c8e9a74f58bae1d480cd583739afbeb7dbce06c430a12e617b0d4403ba1b8ec2bb1c3c595572ae79fac5d2af0c49494af7d06eff0048a2d1d7e52e8007f970475dbe3a88b448c604c977214adf87fac3af439ba5d48af5428a14522cd6e1c41d846287304cb2f311e3493a2b94b6cff3f3859da575b2f7059a06c2124292acc0652e00b0f2ebfbc472ca2a2d489cda7b5dcb1e235bfccac2c49f10fc4c351f58967282d0cc5240e346814e2ae3c3aa7568f0e3d28a3290c49fc5bc793283ead19d85534d4e50eabb71fbc7b092c6e144bf02320ec36c4d4b545201512ccacbd1452c0fc621949cea67f5ea7f78c8c8f61f05615d4a3f334405057045a1e764e43d5c9ffadfd83c6464776166aa4d0f7b672fc737c87c8403d92a3bd4af64c96f723ffac6464082f33f73578a7ac7ff00540e07302cf8c8c8c123644f25223709b46464721855da1a53fca2a73b27bd4cb039252a51f6091ffaba456a83102858f63e519191ad25d28c329beb0aaa515ce0dab848db53176c4f0d5992a16b27a7ded19190f102e57b954a7a1256c4f161eb1d0b0cc2de4a2c7f074e3ce32321e1c94705d0fdc41da4c3015a833b003582bb4d86ff00555601bef98c8c87a11d2bf6ff00c2cf86e123ba97e11f853ffb41e6299da1c37faab2c35fbde3c8c8325a2717a7a37c1f0dfea26c3f1f1d62e95d8600f61bf4dbd632320442f6a3f539ad5d002a53727e461e61f485329075197ea7f48f23215073249b15cf9f9ea19edc795fd62cf87d70d0dd3f4e9c464640418bdf4f62bf4d8a9155318b0578bdadf282b1ca80a438b94f361edbfed19190a172699595d4a9472927a016623e02cfa74879841988b902e347fb78c8c89ce6d7076282762ced829695a066252b405fab904793888703c74cb3955706cece408c8c815d51d99e5cb2c4bab405d85888325e520950df61a8de323231cd74ad124dec8a656480484a081b08c8c8c8e15c99ffd9, 'T'),
('J0004', 'IC004', 'Mardhan Krisnabayu', 'L', '1980-10-17', 'Jln. Beo No 89B', 81334638607, 0xffd8ffe000104a46494600010100000100010000ffdb008400090607131312151212111515151717181717181516151618161818151d1816181718181d2820181a251b181521312125292b2e2e2e171f3338332d37282d2e2b010a0a0a0e0d0e1a1010172d1d1f1d2d2d2d2d2d2d2d2d2d2d2d2d2d2d2d2d2d2d2d2d2d2d2d2d2d2d2d2d2d2d2d2d2d2d2d2d2d2d2d2d2d2d2b2d2d2d2d2d2b2dffc0001108010f00ba03012200021101031101ffc4001c0000010501010100000000000000000000010002030405060708ffc4003f10000103020404030605020503050100000100021103210412314105516171228191060713a1b1f03242c1d1e172f123526292b2142482334353a2b315ffc400190100030101010000000000000000000000000102030405ffc4002411010100020203010002020300000000000001021103211231410432516181224243ffda000c03010002110311003f00f6f282720800922927b204924500124924024902552c6f11a74e73d46b4c1741700606f73a754059a9560aabc438953a2d2fa8f6b1a3524af33f697de753607330ee2f7824660016ce9a9b168e4019e6355e7fc67dad7d72d3fe239c35754a85d9adfe510d60d2cd037e695ca4391ea1c7bde35061fc448980d2c76c6097ceff00e98206f7b0c3c57bd5a70233b9db656b181b1d6248e96fdfc9f13887bdc5c492e2649fbd07651baa4ea54f95578c7b3623debce1dc0b32577326996398f693303302ecccec46daa8fd9ef7b45d5d94ebb5ada669c3dd696d46ea6660b08161ac9dd78e01cd27b4831af64fca8f17d55c13da3a38aa62a5139819e44882267d41f35aec78201175f22e171f52966f8555f4f30caec8e2dcc3918d42f5df745edab4b4e1abba1e48f860071cd0d8711d4c0240e44ee61ccb69b34f6049329bc1120c8371d4272643294a6a28324e4d945047208a09192484a12802920812532390252951d574201b5ea868249800495f3ffbcff6a8e2311528b3ff004d85ade72e6c99fea973874daf75d37bdaf6d5ccff00b5c35567881155cc702e619102469627aaf1de7bcf35395f9158c07d43108d3a909536734d0c25428f3526db7dd91a6d0531d4c8d9344846cd2d6a405e6df7a28c1213be274eca469e7729844e331a05361f10ea6e6be9b8b5ed7666b9a61cd239289ec8dd44504f72f77bef35b572e1b16d14ea0072d41f81fe2b363569bdb5165ea2d7caf8f9a3ef92fa03dd3fb48ec4618b2a383aa52b1b924b340e3c8ed1bc4eeaf1bbeaa6c7a1ca29a11549209c80450672492617290284a1294a64328a6ca28052b92f783ed33307404b5ce7d4cc18d6c030d199eecc6cd81bc1b9165d695e65efca9346098f2d05df1435a60c8cc0cc11a59a4145f473dbc371358b9c49327cb61034e8a30eb253d02928d19202c9a194c126cba6e19c27c3245fcb5fd15ee0dc101ca4c65e4373d576b80e134c5e04f381f6161967b7461c7aeeb901ecbb6333f5fbf9aab88f654c488ecbd3998311309afc10e43d5656d9f5bcc31bf1e25c4f863a99d0aab481d9b3e4bd6b8f7b3ff11a605f65c2714f67ea5324c48de36ecb4c39a7aac793f3d9de2e79c24c69f25155642d1f86cd2a785c349913e6a95600cc490b69939ee22cd2775d47bb9e2870d8fc3169b5577c2a8dbc383c96b663704b48b2e56b308394ecb6bd8d6ffde5077c37552ca8d7b69d3fc4e734cb6e01000306f02cae54d7d4186ac1ed0e6e854c157e1d40b29b5a6275746999c733a3a492ad00b56600229229027151129c4a8dc50363992cca325094c2594e05440a735c80755a90093a0baf26f7b1c7995f055a9d37b669621ad7b0805d0221c3fcbe2745f6079c2f56ac2411fa4fc97cb1ed4169c454731ae6b739600f20b816784b49d4c4449bdb52412a72bd1cf6c80afe07592b395ee1ee25cd6acb2f4d31eebd1f830f034aea70c6c1739c3a9e500765d061012b936ef917854fb29e0f5508a09afa0ed8953934c56b2cdac56763708d33e108cbc734cacc7eb7859b460e3385b390ed0b131d8260d1a2dd06aba9c4502742b0b1d462654f67674e0f8cb7fc42b63dda506bf88516bb2887078710e2e0e61cc3206eae3a41b42c8e3821fe4b43ddff000dad5f1949b46d95cd73dc4d9a33589e66741cc2f478bd4793cbfcabea1627a8e9880027ae96028a08a41192a3727b826108089c500548e0a24c1e0a782a3053c26122f9bfdebe1b2711ac4003390e811725a24c0d2441eb2be8f0bc67dedd168e2785200cdf09ce2635c85c5b3ce32959f27536bc26f291e4c7aaddf64b0799f9f66fd55ff6c7000b595c37239ed19801e171d9dd0910b43d8fc2c519dc95cf9e7bc5d1861acf55a35789b299198f68ba919ed6e5f11600ddaf7f4533f85530333993eab9fc4e21a5aef8387a41a0804bccc4ee3989b7212b0977d4745ea6ed7434fdbda208043bc84adce1bed2d2abf809ec442f3cc3e0f3b5ef3f04068658358d92e996b75048b7aad1e1adcadcecb41be59f98d94e7d2f8edb36f4815415062716c68399c0054a8553f0736e44ae338cd47541e276a600981dbae9cd67abbedb6e6b71b58ef6970ed302a03d960e2f8fd371d0969dc6cb0051cae7b7e153765ff31cd9bb4775aeca144bfe03e8369d489f038c6936bff3d16b7093b613972cae9cc71d702f05a6416ebff9151706c357a9569d3c3b5e5ee7b72e5cda870871ca2c1a4dced75a7ed1f0ccaea6d6c0939795cc42f4bf76b81a34b16c13353e03c34d808ccc0e711b926c3fa7b2e8e2ca5d48e4e5c6ff00cb2bf1ea985610c68719700013ccc5cfaa9d008aeb72884924900d298548534a02370513daa72102131158291a9c588b4260f685e67ef4b843eb57c3622900f6d2cf4ea806ed150b5be7f88985e9abcfbdaaf62f106abf1385c6bd8d73c54a9409391e5a003948e61a24117e6b3ce6e69585d652bcf7de0be18da6c886919a05ec21a27974567d8caa1d480e564ff683833aad3a8fa64bb300622f321daefa7cd53f62eb4530ddc38cae1bfc5dff00fa3bf14039a2ca962383826607df50b4b02f0400b40520566de4ae51fc1f900ded24fa94aa60dd194e83d7cd74f5190b1788d70d31ba720a92df0adcb65ce6601c4100b49e5307a2dda6e3f0e23ae8b9c0e9a85a6c6742a790f8fd2e7ffcb611f85a46b370ab3b8635a64345bef75b385a5684ead4c0d9656b5f0707ed80195a77ce23a58aee3ddf7b34ec58a18da955f4db49e7fc3658d47021d99ceff2991685cd718e186bb831b6ca0bc989000b5fd4fa2f5ef6070669e0a983bc91d44c34fa01eabaff003ead9fe1c1fa7a97fcba201149295dee024924100d250949c9a9812824904c1241228b50472831a269b81048ca6c3536d94c4a65412101e0becb7b4ac97619cf801ce149ceb666830d0793808ee99c330992ad52d36712472fc53aacaf795c0450c5d5752638527193696b5eebb9a08d05c58c6b6b42d5e195b38691bb41f5683f595c3c98e9ddc59f97fa761c3abe9f765b946acae530afca47785bf46a885cf5d92ace22ac2c17b9a333df25c0e80498da15aab8f6c9137d16471176781964733b1e9f44e4d4f69b94b7d3a0c3710a6e687189ecb9ec65363dff0011b6836eb744b83086d85a4db5592fa7f0ea3881637b6b07559656d6b8e9d6d3a8d2266153e20f59b83c7de363f24fe275d4b4f29a697b27c3df5df5032c2431efe40093dcf88c05ea9429063431a20340007200405c57bab27fe9ea93bd63ff00e6c0bb695e97e7e398e3bfede3fe8e4b965afe8e49365295d2e73924014a52304084e282646c230914253222529425240194d714094901c3fbccf66062681a8c96bd825d94c07b45fc6347069bf3178d57977069a7969d469046665e45d8e8bf916afa16ab4110578dfb6d86071d5d8cd47c373796614c48f306173f3c9adb7e0b7cba3df57c220e91a6f015bc3e349696c831df45cf6178802ccb073723acee3be9eaa7c25625d1373d469cfe4b8acd3b65db4e430ce47d41727289fa907922de353229d07c0e6dbfa3885a749be11a03db54dab4dba9689e62ca773eb59ed955f8938dcd0713d5b7fac2a38ae2cf9f15027a1807e4b49d8a6b9d962637cc2ca57e1c6cd1277d545d36db3594b3412d0c8bfe2cd323436d65438eae0b8b790bebafdc2b98badf0d9b6613e46164f0ac3d5c5566526197d4304c59a357b88e405fe48c71b932cf298bd5fddbe1cb702c2757b9eff22e81f200f9aea6556c0e15b4a9b29b04358d0d68e40080ac42f5f09a923c8ceef2b4514022ad04114404a12a6084a4504e11129a4a2814004332281080129b29c9a5048eabe0124c0172bc5b88e2fe2e21f5c7e6a8e23b7e5f900baff787ed280dff00a5a2e05cf1fe23819cac3f941e67e9dd70f4012d81aea3b8bae4fd19f7a767e7c3fec1c6b03ffbac391c77da634774e456561f165ae87083f7be90baba4439b11208bcac8e21c21a4441236bdda2da735cbe5aeaba6e1bee357867189d348dcfdc2d635c3af6d3d179f7fd255a44961cc2e2343f7d168f0ee341a7fc40e06d62d3fb721f44fad7452d97b763f09a440813c964d6a8584826d3025527fb4d48685db5b2991f2baccc7f14756b53a6ebfe6708037dfa1fa2cee35ade49f038af1405d005e408dcf65d9fba1c0c56ad51df8c5368e8d0f71240ff0068bae068e08b6a373f8893ae9ccd97abfbadc3dabd4d4173197d65a0b8ff00c82df864f39239f9b7e16d77813d0013c357a0e034044046110100424922904250450954902914a524004925157aed634b9c400352504351c0024980355caf1be3f9c64a26dbbaf27a0e43aaa7c778ebab78192d67cdc7af21d165b691fcb1c8c680098b4f50ba78f8bed639727c88eae183c105ad70eb36ec750563e2f0193c4c32dd7ab7bf31d56b3d991c1a26f035b0d627a100f5d506b041dcdc89dbb1e5fbacf9f871e4f7edaf0f365c7ebd3168548ec6fd8eeafb60a8f1182dd91fd3363fd3c8f4fa689b47ec2f1b9b8b2c2eac7b1c1cb8f24e9354c0837063f5ee983873664b67ac0fd15ea0e56042c2b7d4651e114cec34fbd764aa70f68d073f4fbfa2d49bdd0af4c3b64b63c5ced2c166717c406cc6ba9ebc97a97b038514f06c8d5e5cf3ff0093ad3e402e2316c0ca64c2c6e17c5ab507cd17b9a771a83fd40d9767e4fe56b8bf675247ba809cb82e0def0dae8188a79762f65c0eedd4794aed7078da755b9e9bdaf69dda642eeae1dac241294900914119482bca0824b4d245025055f1b8914d8e7bb4027bf208d10e3318da6d2e79803e7d0732b86e27c51f59ce71b3458341d073e44c150f16c7babb9c5e604401b0076ef7baaa4f7194faf20baf8f8a4eeb9f3e4ddd141046e36b696bc852e79983af502d3f61466b198113169dcf2e90004caf40892d371d2c7b75da56951161f4e4466f48b9eb3c954a42205adf8b59f2274fe50a38c99235b083000bc72998f2b28ebba0e61a40049f9127ef6519ceb6ac7fa3abd10e92dd474f09de1c0db7d536038c3ace8f31d0deff00709f4aac4de5a46c6d27efea9c5a081f29111e63f0f959619e1329abdb6c72b8ddcba0a27a83d469f7d15869854412dfc578d63bde445fbee53fe218b5fa4af279ff0025c7bc7b8f5783f5ccbacfaab188ab1bfe8a7c39ccb071989b44c7e87b2b5c1b1d2d95c7a768fb5f532e1df78b40ee6cb87e038c7178a0ff001120e476b1026fcc405d27b695f335ac179327c972383acfa58861637313e18e60ebd9757e7ba717ea9b74dd0ea395bd2168707e2d570cf152938f22d896b87503ebb2ab8a611123f8e61421d7d0af463ced3dcb8271466228b6ab3422e376b86ad3d96802bcd3ddbf13cb55d409b3c666ff0053758ee3e8bd24392aa87a48028a415a502914d95aa4895c9fb61c4c5a80e72efd07ebe8b738cf111469976ae3668e67f60b827788cbe4971933a9e73f3d56bc586fb65c997c4b90c09dff007d3f9556b55ca600205ec7e57d159a8e244e6811683cbfb2a752949923ff00b3a3adb75adb6565209a45c0e50018d6ddd526547b6c4c8b6a040df4e66caebac2010249dbf7b954dd52a34de9e603fca4127b4945ceaa6296b33c39db33bf5e7f7d50a3533b434902d102c49faa73417001b31ac107b446c155a94c825d206f611006daf7ba5e43c5630c06840394dba5ee475d54c2a801c1f2d1d4ec3942cb7560083241b749b4c8eb6dd5ca1e210201fbb48bace55d8b2da46d3a6a0c41edcd31f462e36b9e9de2d1d792346a39c32bc419b4447ac76d612a78882467062ce00cdac608bde084b238cec5506b9b71da08f91d079d951c153a940c7e261d750e6f71a7989f25bb02418206c4833d883736e774c751617024199b088f39dbe4b8f97871cbe3a78b9f2c18d8f39aa34ea008f51bfdecb1f899f8351b54004731b4c5c7585ab8e6438b832017916980e6b5a4ff00c87a14fc561db5a91803a46c7aae198dc3277dca7261d247d52fbc82368e46e37d74513874593ecee2cb4bb0ef27c32e6741f9dbdb7ff72d96cf9af470bb9b79b66ae96385630d2a8ca8dfc8e07d351e617b7e1aa87b5ae1a38023b1121784dc44af61f642b67c25133a372ffb4c0f904e946da292509294cb952e27c45b49b98dc9d04ebfc29f115835a5ce36024ae2789635f55d9a3a01ac0edfafecba38f0f2f6c33cb50cc662cd579739d274edd0055c16eba5e04da79f5e69c00b02609d2d371dac3451865ce692348b40e856fbf918c87113cfe7ebf451d463a7591379b40bf45206817f15e2041311a091b290b4ee41ef13a5c594a954b5a35248de4cc79c59415285a1b6df9cf7937ee15b73596163e93d22df70a37615a0e6b831fe63cf4bea3a1536a9519337898f5f551e23085d716bdc41d3b8d6ff007a2b1899b78641dc19f31d7ad92634888977a9feea2e4a919aea2d9b493a9b45f6be85370e434d9b702dcf5e8af626413a9e8d006fb9d943f088bcdfc89ebb28df6af893e2cea2fa9899275e504a7388065a083d872e7fca8a8881f8891a9e7ea9cea91600816e435d8ea6569bdc47a494eb48009de660dbb4dd39ce9b137e9f50476500601c81ed6f3e480a5792e3b13703459d5a0c6b041977e270246b98e582ee861a011fe95131b00c833a40e63afeaade611e313276163ca791faa869c878b58b5c5a498fc372d83d25dd9a572f3f16e6e3a38397c6eafa729c44fc1c4d3aa60f881741fca64387a12ba67d220c6df7d79ac4f6830d9c3dd161e83f695adc3b125f4a93c9176098dc8b19f304f9a382f47fa31d65b35d4f9693f3e8bd2fddb63c3a8ba89b398498ff0049dfd6579c65bc66b45ae2fd64770b43d9dc69c3e229d49f0ce575ff0029d679f3f25bd631ed40a298c2a452a71ded3624cb690363e27751f947ac9f2581559fe502fa9bebe4a7c6d5f895ea3e6c0c0dc409168edf347208b6fce76e8bba4d62e3caeeaa5164788c586b00408beb7f348d4bf863fdd68e9653811a3b2f5b796a93a648c848d88cbe76941c8aed2ed0b49fe89d3ada7e4a5cf613987f5349f5e49952a3599400e1262cd73a279902d7523eb08b9b8d7f5f24ad39103aab77ca7bdbeb084b6e2476719feca5641120120de410e1a45b979281dae5cd7337b48df426fe4b2b570d7b080728f4fd0aa955e411620da737df58d55aad3ae533b96e5e62c64a14ea988d790bcdf9827f852a889e496988d7791026f6f588d6554cd1a93e9f43175a951d22083dac61678a4e1331adb368d11a811af5eaa3e9a1a04192d02df88d9a018900806c6e93b439ac072f99beea4752b8f15f71d0ee4796e81636f606fccc93cf6faad22724249b868d7524de3a7d84fa79a0c883d0cccf71dedd138d36c72246c6fcf4dafd1340e63ccdff005b76e895286e51f9be73a799b27ba8c8b0246b1a3845c41d6d1dd3207e1b72d827329907f116f41a76fae9c92a6c2e38c7329bcce663a2601b69aff96c3ebe4ff659d9b0c3fd2f708e5f987fcbe4b7992e17735cd70888f2bc6bd96660787b30efa94dae863e2a37a6d1d8900798594e392db1a5e4b6497e2cb9a003711d06c364c7d31120cf6fd355252a6220022351b7a689ef6db581e43efc95a63d3bd89e25f1b0ad932e6781dff8fe13e621742bce3ddc6308af52913673640eac3fb3be4bd154d8b8f33c336c5a0de2e7b8dbe4acd2d073fd3cd41866e500b8c5e0ed37b0beaa7f8a466390c088cb791178df5e4bbab8e4329b0c980c024c0123ccf5ba764b5a3b0b8081a432cc13b932499eb13dbb290b00161ccc69d4eaa568729df5da0261a7220cdccd811f36eaa593125b1d08be9b107551c98049d76274b428b55a46c68161612200810397d76509a85aecae26ff008491fc68a67750627782235b72d936bd3cf218e6c8b8b83ebf61676aa111e876da7cb43d947519171363b8fa1dd3a9b8c09827ce2dada7f74580905b9a24739d47aa9354ad4dcd78320b7a8b8d2213cd224bb6d2093a8ec0ce93aeea4a6d2010e74ed26222f7040f283c822d2605c69324f28f96aa7e9a07d237d634b9d7ace834d155aac2081a5fe51bf3365a2e004092ebf97a7255ea546971041102fb0e773fcab8940e046e63b4cedaaaf51fd3cef023993fa298d49b5c0d35179efb47d545a1009b5f5049e7df58f44e9434b801a813aede773d9188933b7aa4d6b40ded606e04f21dd35922c79f9ff6495a0a42d711c818b0e5eb2862581d96441cdf0cff004bc5b5ff005e54f1b6bb9de3f9fe13c36c43a4483a1bf423aefe491d114b4201b58c6e45a6c98fa507413db79bf9a91ed826e46ed8d81de06a4f24f0e23ec5eca608b1ecf623262e8bc6ee00f67f87f55eb6bc5dcf82c7dc105a7e7d17b3b1d2014aae3cf3e1fe29de36d3a5afd7cd1a7506c372359d363794c150efb6d213cbed10d00cea637d27f55db5cb133d8358047498feeab07b6218c205f48009fefd375335d96e431a49d8933b5cd8ff0064ab4681a27bdfee545520c63a1a4163dd6fc9208ed1bf650b89225a63a3da27f43cd4eccc49f17600827e63beea3f183f8ad36f0e823b9efe6b3b550cccd3a37c5110d397cafd8a787106035f064c9880791bc9f45062a938c90db117cae87477d45d1c35791f86a08b5e4cf9eea2aa1ee041cc204d9fb8be87a2613e2831d0888691f2f9a99f51a2605f712648eb2a9517807c33cc0e605ad3fca56997157fc36e61b902c0492e70d79a7d52d00e6313b131fca6e3698a9940ff00e4638de3f09cc2d3d351c91a8e06a1120488006a7cf6dfe6a77ba01b534f0c0b93988e5bc77989d944321120833a174dfa8e7e4a4146221c0ed26e7bcc5948fa796e62e36d7d5684a19af716e6371bf6d422cbb4646db51a189bed6531b889df95c7e9e66503426d3623b1bea80aaea8459f13d74eb6b4d87cd31cd9d2e3f51a40e5d7556c52121d97c5a49b9edd3b26563249d3b6b17e49290444edfa46bdbeb74ea6d9d40dbcceba72f541a79b47aebcb5d539b035d46fdf60904805e63e5bfee9104e923fbea7a27d01af3169fbe8a6655124075feee96e053aec96dfe5d342bd6b873e69533cd8dff885e5a585c435a24b9c1a3b921bbed7f92f57a14835ad68d801e8214c38e00d06bafe2d66c4c7631df74b24900b4656ec23e827e6a42e1bebf2b206a8163ea3efbaee730368c3898e5e9b6d6f550572f1a540dee3377e49f1275d6f00474d6ddf9a8abd6f8725ce31cc8d072b6a14554486a93a983d81f3fbe6954692d3044f981ea261426b349cd336077df48ef0a5655b72bf2fd964b5766232c87168e7323ea2e120c27c4c20f3136f23cd498b645c8bf7ea8537cc8e5e63eaa6a91e62e0434b9aede22d6ebfb2a35299603975678db2756fe6d85f52ae56a22733000e3aebe21b6f654ead600b1d7b3b2998363622dadd4d0b34ebdda64116239c11f49210a75cdf30220906729f36804c7d5670a4733698261b99a2f160e2d131fe98f45728536b44e53d6088e7277296212bcd492246588100883b5b53fc277c388898000d07d4894ea62c329807481afcd3723a49241691dc83dced1d15ec836b44cef7f512212735b04348932096c58ef29ecc3937d343009b899994c3a10c161a998d36884b67a46da0008f202c0003b580b26542038c104c09024c03f453fc3ced264c721fb9fbea994e90020f84de612a6ac06f96e2dcf5ea9b1b922d37ee2df33e6ac9648204c0b6b0491b4edba84d3dfee762a3662d933a883cb581bcf5fa2968b40db5e7cfa72555ae9022c22de8449fbdd48f16e527593afe890741ec8e13e262734786982ed3f31b0fd4f92f408583ec6618370e1f17a84b8f97847d3e6ba08550e3ffd9, 'F');
INSERT INTO `jemaat` (`ID_JEMAAT`, `NO_IC`, `NAMA_JEMAAT`, `JENIS_KELAMIN`, `TANGGAL_LAHIR`, `ALAMAT_JEMAAT`, `NO_TELPON`, `FOTO`, `STATUS_BAPTIS`) VALUES
('J0005', 'IC001', 'Erika Christaningsih', 'P', '1945-08-17', 'Jln. Merdeka Jakarta A02', 17018085658, 0xffd8ffe000104a46494600010100000100010000ffdb008400090607101212151312121515151515161517161818161719151817151618181f1618181d2820181d251d161621312125292b2e2e2e171f3338332d37282d2e2b010a0a0a0e0d0e1b10101b2b2620262e352b312d2d32312b2d2d2d2d2d2f2d2b2d2f2d2d2d2d2d2f2d2f2d2d2d2d2d2d2f2d2d2d2d2d2d2d2d2d2d2d2d2d2d2d2dffc0001108011300b703012200021101031101ffc4001c0000000701010000000000000000000000000102030405060708ffc400431000020102040305050406080701000000010211000304122131054151061322617107328191a1142342b1526272c1d1f0151624338292a2f134435373b2c2e193ffc4001b01000203010101000000000000000000000004010203050607ffc4003311000201030203070303030500000000000001020311210431051241132251617181a132c1d191b1f033425206142372f1ffda000c03010002110311003f00e991428e8e29b2a10a3a147140051429542801342954280134295145140054514aa2a002a28a551450026288d1b301a1201e942a404d11a51a2a801045248a70d248a091a6148229d61483400cb50a538a141059d0a3a1400547428e800a8e8e8454805428e8500150a3aade33c5458c8a173ddbcd92d24c66600b12c7f0a80249d7c812628604ebae141662001a924c01ea4d52e2bb4699ae5bb16daf5cb614b2c8b63c5b41789f8566fb47fdb545b4bc5ee25eb79f2a954b50c3542ec1601e67331911ca9ac6629dee1b187b768dc70fdf35a6324810729802dae827625b975c9cc7f45a686a3afe9b47cdf95ae377bb51c4710975ed775692d0f1415cd27480cc7532419103f2ab14c35e529de67c432daf10966cce54bfe230a35024c0f4ac2e0306148767c99982dbcd3e262740b97683afad6c381f0d4bb84bcb7ef5c0d876245c5bae23c218122406333a913beb58c2536f99a3b95f411d3c1a5cafa3c655f0bf97ea46c570aeface7c65ab36d42972aa8a84f383720bb44a88b703966deaa78071a3c3f1766db074b58a13dc89eed33b808ea1989403c531bc7a1a4bb9162d3f757b10ab719756f102d90c1014e604c903c9b5322237b48e2786c4e27018ab2e190c230882996e2921c72d188fca984e6d36f1e47278853a7469f6715debe5f8782f73b391444554f65b892deb319cbb5a3ddb1241272e818c751afacd5b9ab1cc9c1c1f2cb7134934a3454103645258538690c2801a61454a6a14016554dda92a964df7c4626cada1a8b0e173966016415326604f29357355dda359c2de5169ee9746454452c4b11e1d868018327a75aa545dd6675577199de0180c65eb8eb77886214a052c8af26df78b9d159ce85b2c130b1aef3a0d3e12e2a77767bdb971fef0cdc1999c29b8097602043650363a28e66a8f85707c4db5b0e5559c611ed5e52c077b2c3b946f345cc331f4133a5be10de5603ecca8a48048b80c281bc4efcb4e9e954a3076bb054e105171be57ae7a86fc6ec877425bc0a599f231452a5f303024900293c88658de9cbd8d08a92cc01b4199ca1682422a9750264b13a48d9b43b88d65f11017ece02892173405235227378812584c46a348914e61aee2cdc566b795602b287461ac9cc0119811a0de3c8d6ee1fcb93cc2b11c4943482e13ba04c2b1eecdcd50bac686220449cc66220d89150ad5ec4161f74144cb12c275de3c5ebf41caa750958b2615603daf58c4fd9d6f61dca1b21d98ac6682d6e61b702012637cb5d02a8bb68ccb85765b7dec32036f6ceaec2db09e5a393f0aacf62f04dbb2ea621f0d81c5f0cb78deec2dc844708c53bc70c159580046bef6d3e637a92ab8ec1ff6ccd87b48c80b25e296cb962730cf198b4a8224ecdd6b96e1bb4773069730e8a085be2ea663985b74952081a3e8073e5e64552f14e2d88c55cef31175ee37563b7ec8d94790158547196c3742b434f4b96115ccdf7afe1d17dcd85fedc22b31405a598aac6899893e163d27a554376bf1251adda50aae5730f1316cb3967e26b3d62d163005740ec6766df3ab30d06bb0fe1595edd46e7c4b555b09a4bc9786de7f2545df683c5c0ca2f774a34c8b6ad244081a649d80ace62f1d7af333bb166639898024ebac2c0e75d07b63d9aba5dae20047a47eeae7d8cc15c563223e156536fa9cea9092cbc9b4ec3fb447c35eb6310aa6d65169dd572b859f0968d1f2993b4c336f35dc713c570e8a8ef79156e46462c00691220ed11cebc9e679d6d5388debb87c3a3b48b56f22792cf9f380a3fc22a27a8ece235a1d23d655e593764aedf53bd70fe2762fe6ee6e07c872b44e84fe63cc6952abcff81e297ad4f7775ed930a723159d79c576cecb630dec259b8cd998ac31e79949067cf4ab69f53da61ac9af11e18b4d155212bc5e3cd60b334834b349614d1c91a6a146d42820b0a14285000a30288518a900c0a1428548028e8a8e8005667da463bb9e1b8a7920e40aa46e19dd557ea4569ab17ed82e470ac46c64da1aff00de4d4798aac9e1928f36d6a7b21d8fbb8d3208441bb1e7e959fc0610dc70a399aef7d8dc17716956229194ac33469df2c8bc27d9d59b510d2475fe15b2c1f0e4b6b000a9168d3a0d40c1071b81565208deb96f6a7b36cac59069d2bb0b2e955b8bc1ab8d450d1299e6fe2b80cb2408a989725501042948fa6d5bced5f64c312534ebd2b9e5ec4bd826d3032ba08aca69cb086b4b521464dc9d93fc93ac2810249d41d753a5775ec6609ace0eda3a146f13306899662796da469b8e7586f65785c26330ee6f5a47baae55f36630a60a409d362247435d5698d350717ced99f10e210ad4d52a69daf7cfc751269269669269c38c34c28519a14013a850a140028e8a85480aa142685001d0a2a3a0015ce3db5e2d5705dd9639ae5c50abd729cc67a01f9915d1cd735f6eb609c0a384cd92fa4b73b60ab89f424a8f88aa54fa4b45d99ccfd9e61835f2489cbfc8aed1811a0ae4bd89e1d7ada2df1193122e22b1e572d13bf51127e06a4714bd6adc77d771376e318016e3024feaaa9007a0a45ee3d49f70ed561c53f9ab82f08e2b785dfba38a50b98b02fde65084062c264004899eb5d73b3bc4cdf583ef01f3f3a9d8b47bcae2bb41da75c3422db376e1d941803cd9b90f9d642f768ef5c27bfc7261c7fd3b21737f89d813cf954eed670fbf7432dad0b1ca586e04eb1f0acad9ec3af7ae151ae210d973ae560cc009660758d488eb568e41c5ad8d470d5ce74c4ddbaa47e3c8c0fc409fad6578ef6795f1abe8a4f9ea67f2ade766f802e12c85d49dc9249d7ca76a8ed83cf8b5d3758f9b69f91aa75b235705cb7661bd9162859e26d62091712eda90749b6d9c1239e8847c6bba1ae1a2dfd93b44bb5b5fb400a350b92ea0507e39ff00cd35dccd394b6b1cb96441a49a51a235a141a6a141a85004da14285001d0a2a14007460d150a2e02a8e914a9a900eb21ed570aafc2f121a7c2aae23aaba913e5d7e75ae06b3bed0ac86e1b8c04c7dc3b7c54661f551512d99260bb096c62383db4569b96312ccaa06a35cc57cc15b8c67cfcaac315d97b38829757c371750c003f4355bec0f1d2988c394d996f67fda01329d3f5411f1ad9d81dcde7b476074fd93aafd08a4aae1290ee95a778b21f0aecd8b6ef719816b9ef95555cfcfc503593b8e7563c370eb6ef8ca204447e5536fe282acf95526178928ba0dd6cb2763b6fa4566e59433cb834100334ed34f655f2aaec7714b4cd16c1763d223e26aaf8a5c3875ef05c0bd558c2b7a4ec6a5b08a2f31a446955fc1ada35f2c7755d069e84c7948f9fa5567f48dcb8bee95f5a3e09c4113181188fee5b53be67b96c281ea41f90a29b4e683518a4d1cebdace39978b07c83ee56c11e2f7c292fafe8ea48f84f3aeed62f6755788cca1a0ee33007f7d725f6f3c33fe1b10a900e7b4efce4c3db07e574fceb71ece38b0c4f0fb0d98b322f74f3a9cc9a6a79e994cf39a7238934725ec690d24d28d24d684086a2a36a2a00953426933426a0054d09a4cd09a005d1d2268e680154749a3a800eab7b4f863770789b6a60bd8baa349d5adb0daaca91752548da411f31537c01c5fd8163156ee26d16f132db70bd42170df2cebcf9d6efb478260b6f119c9778cdac882a5bc3faaa047a6b5c678262aef07e22eb70494172cb00633075f0b02794e46eb15d6b81e31f13730e89e216cf78fa68880099076d59446bbe900689ce49f718c52bc5f320ac779756330d3eb553731f89374d9b96acdb3c9d98956131a4811bf31553fd71b6b8fb9602854170aa3299591bfa0998de36ad93612de2d04ea46c46847a1ac2d676674a8d5849a9311670c728cf8ab36d6018b5ab19dc08d8c74150b03c32cddbd2a18adbdcbeaccdfadcb90216044ebbd4eb3d99b93adeb91f007fcd56af66d616d1d955413bfcc9277f5abdf03152ac145a8caf7f2b2441c54921544b13000e66b11c0f14f771387b97ad10ed8c7b2148690b9590e53b10a734f2957eb5678de37712ea5d44b8d91b30f0b052368cec235d473aa6bb8b518bc180d7427f480b8b6c904daefae9b9950af85d09227723c4275a8a6e2dab3cdce656abcd85b58dafb61c25b6e17719849b4f69d23f48b8b7af965b8d59ff0060b8b636b156891955edb813a82eacadf08b6b5d0bb5bc39b1383c45948cf72d3aaced9a34d796b1ad718f62b8e6b78f36a34bb6dd0f5057c60ffa48d7ad3b2c4d3125b1de4d24d28d24d6a546da851b515040ecd1cd2684d4121cd1cd2685002e8e6a3e231296d733b050399acef16ed133116ecab8f143be832813986bb369ea2ab29a8e0cea568534dc9ec5f710e2b66c7f78da9d940249fe1b6e605525fed45d68eeed6404492e4161a6832ae83e67d2aa8e11149207bda93a926001a93a9313a9a2b63975fe7f39a8cb3cd6a78ece58a4acbc7a87c438be29f4ef9944cf8617e12a018d2b15c6389dd761f7b73c2d20966f7bf4b7dfceb47c62f8b76c9d493e15037663a003ceaab13d98baf689d6721721609551398993af2db5f169358d595b05b87ffb9d5b73cb315c501bef99d99d8e99dc9630353a9d6adf1b7f136b097311698aa665b0c5582905c48f0cf8810bcb4da39d3588c0b2ca9532a7218d649d405da67f7d59ff0057b222bde0b9801941131cfe4349d391a5652ca67a6d029b524cc51c25cb772db81eee5cd1f8488998f8d752c07127b59593a091c8d6697004b4a826582c4f55325a743aa1064731b450182b8091962329f12dc61bcfba8e41040faf2a872521c839526d5ae7434ed7cc284f136804ee4f2006a6a871bc6cdfbe8ad256df79718152a0b5a562ab0c3521849e854535c2dee61c3945704dd3722d5b4194c26536dae6b128a0ebd7a997b0383c45dc6cf76d942333b3b876766472c7402012da0f29d36aad47ff001bb3cd889cea3d95918de238c2d6f2bdc6624062096324ebb6c06b532fdbb66ce10aadc2d6efadcbaa32ea8a563ba0066cf13a7ca7942b36405371b5130a39b54bb05f43fa4676d14098f4a62291e6e3a89537759f53bedc6804f404fcabcdbd9cbcd87e2f6cbf84ae24ab0fd1cce5481e44347a1aecbd88ed09bcbdc5d697507234fbea3707f5875e62b92fb55c08c3f13765919c5bba23c254904784faa4cf5a666ee93475f4f5a3563cc8f429a49a85c13126e61ecb9398b5b4627a92a0923e7534d6d72fb3106851350a005d0a6eedd55dcff1aa9bfc6c2b1530a40cd041f776927d6a92928e5b17abaaa74e5cbbbf05965cb30024981512f71141b4b1f2fe3597feb05bbaf966e39d765d3430728d2624181ac10688e1dee19b84aa9122d2f87ffd186a4f90803cea9daa788e4e66a789d485fbbcabc5efecbf21f1ac4b5fba51c2e4b2b98aeb21dcae599e616483ca8c5a8581cc7cb500c7c28ce1eda2c2285981a73d47cf6a55d6f081f0facfeea98c6d97b9e7757ac95796eede61dd1a0f4a8b893041f8fc889fdf522edcaade298a50092606579f48ab37814845b9212b68ddbaaf04ada8d35d0b7bec6390481a7e91da244ac7172bde5bca88545b0848d483be49982d27909cc49d4115fc2f0d76ea32a0701d65d9003dd96018960482d00e8bfa879ecbb188374a208ccc05b539632aa000904ed03503d3ccd72aad4727ea7d2341a55a7a118786feac91c07843f89eeb1619c9510002c2559e0733a8ff007a807046e621dcf226d8dc86ea0728034f5279d6d6dda0aa1544050001e434ac9768a6dddcc14cee23689de39926b1d549c545f99d5a30c342b0b809bbe11b13f18075f9bb7f96a7707c2897fd91ebe107f7cd39c11b3af835665d1b900db9fa9f89a9e1552d5c223c5e041d40f0f2f9d5e2ba96b94e2d4a133272a29f397fe1457b0a70f7bbe37953bbb6eeb9988ccca348104301b95e71f11138e58c53dc16f0cc1548967d0c6500027a6f2073a471fc4ddbd6b25b52f74dbeece5903ef0434f20204ea472eb5ad259c99d66d41b462ede273b66723524c6c04ef0396b53db19954940a7cffdeafb8376155087c43076dfbb1ee8fdae6df415a2c5d8b0f685bbc156c2106161672ea35d2069cab74ce0ae0b3a8b9a4ede460b85f1175657563a19040f74cff3a541f6ab7fed0f67160fbc9dd32fe83212d23f558318fd935303da6c45c5c2db66b64f8601246d3e644cef560bd9abcea55ad8c8770ec07c47307d2b48ddab1cc86a1692ab4de3f9946d7d9771117f86d8d413681b2c072eecc2cf425729f8d6acd613d98607ecbf68c366cc33adc53cfc480107d328d7cfd2b7469983ba3b8a719a528ecf221a8a8da8aac48ca61fad3df665220a823cc48d35da96b4f01fccd62799a74d277ea421c1b0dff42d7f917f85443d97b724dbb972dcc9ca082a09e818181e408ab917075a755fa0aaf245f41c8733c3f9c994bfc1710041b65e0c87b6cbaef19adbc46fc9a9fb1d96bad1de5c541bc0f11fdc07d6b52ae69635abc55ba90f87509be6e4b7a6c63389f662f2a9369c5cdbc3194fc0cc1fa565b11c1aede708cf66dcc86b7759addce7a8565861cf43ac575e81432af406369e5e955941bd98dd2e1fa78c94b9728c2dbecbe220a8119c4b3e6401449f0a32cb007424011aef50301c06fae21b2947b96b465625000555732cacb298266370c2ba64d41e21c2acde2acea732eceacc8c3fc4a418d4fccd2ef4895b94eb2aedfd46792c6339e19778fef9341e722aa0e17ed573bb74b88c094cd682dc0013b96cde1e7b8e5f0ad6bf6670cd3a3cc406371db2419950ec4032378aaec758b687ba7c6621c9062cdac8a4c723dda820c9dc91b8e55956a3d25b7f3d0de15df4dcce63acae10bdb5c5665f08256d8f0c0202b5d0e14340dbe95338170ac290a712efe2ce133305b66209cb72db904ea63c4363a6934a5e1d75f0eab7b06a12c13711eedc36a249d6e807c70009da63ce9be09c36ede526e91dc96ef02850a19880332c6a160081a7a1a5d2efab2f6ffd36cca2d5c27c2596ba9f652e2c24e7258b2dd33b2e6962be73b081bcd4fc4aaa265b76e3903b7cb9d4f3655069000f90f4154dc471a14e7276d141e64e9b5309591a431ec47c65d5b084bb8d44b3740378acc5fb2f8ed1e6ddacda28304a01e191fa4da98d400075a2e338bce417cc487501240ccc7dc503a19249e80fa55ee01151753246e7a93bc7d001d0015ad18734bc91c0ff005071374297674df7a5f0895c3b036eca84b6810796e7d4f3a9448a616e31db4a8f8e130924968060c654260981af90ff00e539526a11b9e1f4f0957a9cb7f36df45d58cf0d6eeee35f588679d35050784fcfc55ba9ac562442c7956b703fdd5b9fd04ffc4556945c5599ea7866a3b59cd2fa55ade8b1fb21c6a144d42b53b0302f4d2830acad8e2b77bb5ba52519b2832012648da7c8ebb69353ad71d419c3e7b7dd921c9d429550ed33d148248d296538b38f1d2d48ef1668d1853cb745525be2c9a78ed19008925090768cdbcd3ffd2d6468e4a799823e636f8d5ee8de106ba16e2e79d295dba8a8b60ab89470c0ec4411f314e772dc88a918892adb1e714fadcaad28fd3eb48cee391fcff2a936562e3bc145de0aa837dfa1f91a62e635c7e16f9545cb58b6e2575bb8ba6db438b6c54f421491cab3b80e1f6ee6191f097043293766e32b5c761af79710c833f2f4aa7ed1f6bded2e5571644897652e77d95623e67f7919ce17c7384bdc2f79af31dd98e55439440ceb6cc9d07fab5a46b494e7f1e0354e0d44d3e131f7710df65572d655bc649cd2aa16103112c3383a9dc0ad3dc4810341158ae1bda9b02ede612c595ef85446f0594d2488d2008a8b7fda2778ccb66cb7844b3dc2aaaa263ac933b08d7d248a52c46ede7ec31757b22f7b49c5ec61ad97bcfa72eb3cb28eb59b38dbd718cdb925602fbc02b6530e62039db7e7d37cdf1eb17b1686fbb168601400428dc1f0fe2931a89d26ae31173ba544ee9739400804ab662b94160048219a66797a5673ab7b72967e0caffb63ddbe82e197b60b472048554040d24416db623a9ad6e0ecc013bd61bb2a0be26f3b6f6c9cd3fa6490049e814fd2b7d65aba5a68da07cf78e5473d4b1cc46216da163c86dccf40053381b25659bdf6927d24c003940a698a5d2218908c732c0caed1e1f14cb44c911bc54d70d1e23f0daa577e5ccf65b7e4526fb0a5d92faa5997a745f7642c649d06e741f1adaaac003a003e558eb17105eb798800b80279b6e07c48ad84d6a8f41c129da9ca5e3f612c68e90c68558ed18be2658606d6599ef279f267f3ea47c79831553c7f89d8b17714ec65735cf76092d72c25ae439344ebd7d0666ff6b1efe1add860132972f724f26ccb9419d6011f1e84ceff00b3decbce2b003ed37ae235d4585cbaa286052660ce8241da7ad722d2ba4bcbe0e8b928abbf333fc47b45874b782bacc4a32e1e580323ba7f1c8cd9b4287aedcf482eddf685ad3624db4f198c3673ac2b5bb574c1819430cc000794d398be1b81bf89fe8bb82e20c380b6d8112ccab9de797883372e47c855ef685f016f136fed288c1900865cc07bea19c44158244998e9a48d6d6577fe4677bcade462b89b63fbeb1f635bd1712db8542f16cb80d0c6617c3964b6f066ba7607895f162c9cc599ce4259b62498267530072a8438ada4c6b5bd751691a360ce26d9df6800683734ab168a7d9adb406cec771b290488113cb91d869b4445f2beef476f956f8225152cc96f9f8fc96638d5f458bc17bc165aeb776d2254190b980276e9f9562b8a7b52c40b6a6d5955673707de49808b2090083b9f2d35135b0c611f68b20ecc2e291d405e627cff009e5ca78ee1585beea1800f756416654d420983a8946e53a0d222ad56a4a32dfafc58a428c5c76e9f727e2bb7fc49b1896fbe096ca2bc222ea1ace7dd949de6b3b82ed4711be97fbdc5dd68b32be3cb07bc4123291ac13d77da9c6b2571f6958104d94413a033872bcdbac8deab385e216d5bbc8c619902e52082496426751101798359f69271f6452768bc2f1fd879787dcbbf642417259b3b13263be8009275300e9bfad5ff0003c222dc60ea417bae1532ce6943ba822010490d1a103ce870b43f66b6b965ad2b5d6204e41de92736a74f10d206a47c67706e269719d5746060aceb93281994b18e467492098cb334b4ab4afe57fb8f52a5dcf3b7d87eff0006c3d9baf7ac8f0b4db05b32aea2065de135dc9d4446843179386650a4022db13aaa13034cc2e1277951b83b7908b3b8f789f1901331650c0a984df4d798827afcaadb13c1ae378b3db7b397bc50b732992493a6a0ce8068351152d3a9732e650c10b0982cdb08543945b3a663219f3eb216391e5599e3ab6555c1bae8e0e44f0e70d98ea0dc27c30184b19d0fa55962b8c9b0acd7089694b69b9603a1e7eeaebb01ae8627078fed6634d96c3deca549924db50c1a02c8611261546b3a0abd2a58319d75176ea69fb18aac71174010f7c9d0e604800efeac4d6aaedf0a8598e827e3e9543d94c2adac2db5dbc39d8fed6a7f70f855a5a517da48192db1ca37965fc5f0e5f3ae9ac45456e784d54d54d54eb4be94f3f65ef625e02df76a146ada99f5e67ce9f653b93269c44028ae0fa56918a8c525d0e74aa4aad4751eeddccbf1ac665c6602de87362436bb786147d5e4798ae9f35c27b638a9e278653b5b6b53ac6f764ebcb48aee84d107967b8e1f0e4d3417bfea258d0a4bd0ad06ca24ecde041b6461adfdd7b9a7bbe2cdf1d493acea6b49638b5d44c8088e448d47a5574d09acb9516b9597fb3d61b1698cf10baa08d0f858952a0b08d48048dfa74a4768fb396b1817331465d03083a1e441deada68c1aab845ab34594e49dd329f11d99b2d7ad5e0f715ad2a210a445d5b6653bc91c8f311b9153b1e1c3d82b31df78bf65ad5c1aff008b2d4b9a506a391740e666738e60b137b16a6dde36c59b19ed81ff0032e3dc2ac23a00a927906f3acc767b1cd6b1ead7d2f25a5564b8ee97320ba49c85891d675f535d326ab3b5281b097418d1436a40032b03249200022694ada4e7729b93cecbc306d0af64a361db7da2e19dfae67b44e4602e900aae622406fd6dc91a69aef585f693c43037b196ded5b17c8b60395d16e00ed10d065819131e5ac552e0f89ada1751addb60e0aa66026dbef23ca441dc905bad43446392201cec5273312336a048dc1d475d7d0a1474ca9be64d9b3cb342b8f64c38102dab1ca42aab3316522603099f10cdb6a63a5435c158c3e5c43976041021729d4c0d348d3cf79a30af69424973a680c65d32c88e80f28f3d75ab4c2595b968a162ca3c41ee2b38b3e1cf0c8c4e6037035da36a98c145f7499d4972b499438eed75c75282d5a522425c008214e9aa8f0968d274f4354d87e2b76dc00f70db032e40c440dbc046ab1e54df17b2d6eeb10a32343655d96402d92758067e950c216128730e9b114dc52dd1c4a92a9cdde7e449e276587de02ce0eab7752de8fe7f9d54dcc4b5c213724851ea4c0a936f88dcb60a912a791a99d8ec28bd8b431ee4bf948d17e4483fe1ad62ae56fd9c1ce79b66e74cb76c25a3cf22eba4c903411cc6d561c2922dac800900903604ea63e26a062d80c96c100b180646a75f3f9ffb55d584d3ca988bbd46bc17ee792ac9ad3a6ffba4dfb2c2f96c5d3774e94e9a62feb007331f3315b315a51bbb1cb7da05b36f88d92173136ec385da658e93e71bd7769ae25ed8ec32e36db932ad69428e9918e9f507e35d8f86e305eb56ee8dae22b8ff001283f1dea90dd9f42847960a3e03ed42898d156a491c9a29a29a29accb0b9a13489a00d00380d18348068c1a00741a8bc6ac35cc3de4500b35b7001d892a6269f06960d0d5d01c49d01cbb0dcea413aa8020c6a77d6a585cca082cddde520fba0c059c9a48d4341fa547e3d856b571d14666172e09d3520923c84efa75a7787e62f910e6cdeeec27297712a4f4ca0c4fd457265163cb6261bc5829214f8a17301042b0906353395873f5d2a6f0fca632b9460730f1152a405d33865820315d37cad20e92d0b0199d42a9ca41c8d0c14c78b9132081036124ebbd3380c79490cc3400c95dc4cccf913975e4c2b194b1e64f422f6a706aa970a98208653b41cc069ea1b58e8bd2b1772eb020f38f786ff1eb5a8ed36340b7132d74791014104fa1981f3acbbb020034ce9efc8ae21a9b76836d8c9d184d6bbd9c5a09dfdf2340022fa8f137febf3ac6dc0398f8d6e782dc3670b6954852cad71895cda31f082b0666147ca98bf2a6d086ae3195354ffc9a5edd4db6070e18add71e28951fa3239cee75fe77ab65a63060900b741f1f872a944d390492c1e26bce52959f4c25e080693844cd75074398fc07f18a0c691c1f169f6936e7c7dd1703f543aa93f322a58ef0ca5da6a22bdff4315edc30edfd99ff000fdea9db4272103a9900fcab5decdaf87e1b8780442b2ebafbaec34f2d2b39edbbfb8b1a7fcd6d7a7836fe7a55afb28b8c7875bccd30f702f92e6dbe73f3aa2fad9edfa1b0634292c6856a411a84d2668a6b32c2e6852268e6801734de2712b6d4b34c0e94a9a6b19874b8851f66d3783f0a87b6098daf91ab3c62d113a81d607ee350b89f1f550c6d86b802162466516f2c66cc63f5934df51b03359fe2dc0f1187476b6ece904ed2cba731fbfe949b391dec95b56dad21b56dd9f316b85e09d018312379d49e94acea4fe9d873969c7bd1c912e70ec4e345dbb93223006e316cb68f7637666304cef1a69ca8b85767714b6d319663ee9d89b81a72e4420b01be431af972ada609f096bbf67b619ad1cd695e61ccc1201f068e72c8123427955e70abd6b0d6addbbd7503396681264bbe624cc9805c02c74dab1a7153797ea5275395611cd70370bbb77846561df2dd263bd92272e9bea1b9181b69516eac3ed9cc6874d14c1e5ef40d7f9d2f3b47d95c5619d8e1d1df0a09745433dc069674093253366300699bcaa893088ccab9c22803dfcca3ddd8932008e711e9bd2f52938cb62d4ea45c6f719c4612cdc398ada9d0298cd1aed903340df4237351eef0fb6c87eead683c6722a92338072c0194c1e639120f21625eda8fb9824b80000c241630c81bc479eb97974897319d9cc45f195acbb20422095b65cabc809b6a7339048881e7157a77bd8cab4e9c55dd91cb0b448991f9d754ec8bde650cb6d48010062906028d337941a470ff0067a84abb28b7d54b1b995e4f84ec08d06bce456cb01c3add952a80c1326799f4d87a0029e826dded63cdf13d651952e483bbfd872c12478841e9bfca9d228c0a0f4d2679671c8c5c6accf64f186e719c44095b787eef37439d0c7c496ff2d68f10790e7a7ceb9676271fddf179cf02e5cbc849fc598b1008f360bf1aa49e51e878152ef4a7e18fd4d9fb6a527096a0e82f82479947023ebf3a73d8fe2f3604a658eeeeb2cfe96601ff00f68f8535ed96ff00f6341139af2ebd215cfee8a8dec5aeff0067beb3b5d063a4a0fce3e947f79e90e88c685218d0ad08234d14d26684d50b8b068f35373426801e9a87c470eec2508988cadcf5e4791a901a940d435744c24e0ee8ceb716bf63df047eabea0fecb0ff00ed632d5c75c40751085e116672676ccaa0ee149d240d056e788710209b77ad2b29e4da03fb2dacfe7594c6d9c39b8ecaa6de549566790b71581513d35e73ce92aaaf8b8f5b1cd6fd0e87c0f0160e1459c428b919cf784490ce73b7a024f2e834a2c0e12ca2ba35d6ba6ea9b6d75882c8bf840810141d6073d6a2f67f89864575d4199f9fee20d5cdfb897574898d6b7508bc9ce9b96d7235f3c4fdd372ca1d4160accc7c31224c0d6081d37a8e9c273306c4deb97c88304e4406234448f5d66ad703c4563babdcb4573cfa4f9d2efe0d87bba8a95497a89ceacf6dbd08b63056ade96eda28e59401a6b4a69c823de4323cf7fcc48f8d16665d187c6926f79d5ac91ccad77b8862b3987b973fd2c3afe5f0a69e8f3004f43b8f3ea28069ab23955695845218d1b9a8d76e45584f97257f17c6f766d41019efdab627f5ae2cff00a73572ce3d930dc51db29c96f10b7328d0c6657204ed5d378f702b988c335f47196c3ab3a8f7800558303b691a8d081ad61bdab2da6bf6afdb1fdf5a9623995397e60403e959392773d770ba5d95149eef3f834fed77161b076b2eab76ea9077d02330f4991f5aa9f631894173116c9f13adb65f3085c37fe6b559c7bb40988e1587b4078ad3a5b69e452db0047a8fdf49f64cc06388260f74e0799cc87f204fc2a6fde4ce99da18d0a4b1a15b9045a13428aa85839a14542680153460d228e6801c3074224743ad52f1aecd59bc8d91425c82548d013d08da0d5b834e0355945495992a4e3b1cd38771bb981636aea9883994e5cca779001d883b1e9a4cd5de17b738363ab943fac206f1bc47d6b21dac7373198831a670275fc00a81bc7e19f87ad66ee5a655531ccc69bc983ea3414bc5b8e0cfb68ce476e4e256ae0d195be47f2a5dac532e897481d371f235c92fd9288c43aa9f05c560d10ad9626222331f3d3cf5b7c0f19c480da2dc5408c492158232869904e68e919a88d54cbd5d2f81d2bfa4ee7e2653e70690d8e1d67e15cf9fb58c262dc80a1f473a83007e1ea7f9da91fd71f007368892468c0ed1cfe357ed51cfaba39781d03edcb4b4c589ae7cdda405c21470c75e5d27acfd2893b4491399c0981239c4f2a8ed10955d0cdf43a4dc71135538dc58009240004924c0006e4f4ac82768f1048410259564c1d18033c873eb14cfda6e5d395c960c1a4723e063b0df6a1d756c0ad3e172e74a78bbb1a04ed55c4b78ab16965311a17320a85b76660110730b91d7cb6ac4f68edb3d91cfba627fc2d00fd42fd6a5d86617ca8d5459b7a69b9551f3f0f3d74f854ab96f520ec641f8d654f6b9d3d554ec6bc54764923096ae80aea46f11e441fe04fcead7b18e571b608e4f3fe93355dc4b086d5c29d363d41daa3db72a4106082083d08dab5474a324d268f4a66d28556767f880bf86b573f491491d0c09fad0a69124da2a142aa48285150a003a14285040a14b4a142824e43c42eb779797318371c91260996dc6c6ab2f92c101248195449d866981e5249f8d0a14a4ba9cf83efa08185206c441f31a1fcc0f953dc4d42db81a084ebf84dc51f0814542968efee77a7f43f40ad0fbb1ff0066e0f9398ff7a89747f67b7ff72efe56e8e855d6fee293dbdbf03c4fded93fa96bf38a78a8eeae683fe2140d06832dcdba0d06dd074a142abe052a6d2fe7427e3800c84684d8b0e7cdbbb1ad4e2077f1cbbd035d64178333bc8247c6850a8e9ecfec2f2feaaffbc4a3ecf625cdc652c48ca5a3cc38dba6e6afb17bd150a62273f8aff5d7a199ed520943ce22a828a85683da4fe8c4ec1eccee1383d4fbaec07a4d150a15bc761967ffd9, 'T');

-- --------------------------------------------------------

--
-- Table structure for table `kategori_kegiatan`
--

CREATE TABLE `kategori_kegiatan` (
  `ID_KATEGORI` varchar(5) NOT NULL,
  `NAMA_KATEGORI` varchar(255) NOT NULL
) ENGINE=InnoDB DEFAULT CHARSET=latin1;

--
-- Dumping data for table `kategori_kegiatan`
--

INSERT INTO `kategori_kegiatan` (`ID_KATEGORI`, `NAMA_KATEGORI`) VALUES
('KK001', 'Ibadah Umum'),
('KK002', 'Ibadah IC'),
('KK003', 'Ibadah Pernikahan'),
('KK004', 'Ibadah Natal'),
('KK005', 'Ibadah Tahun Baru'),
('KK006', 'Retret');

-- --------------------------------------------------------

--
-- Table structure for table `kegiatan`
--

CREATE TABLE `kegiatan` (
  `ID_KEGIATAN` varchar(5) NOT NULL,
  `ID_PEMBICARA` varchar(6) NOT NULL,
  `ID_KATEGORI` varchar(5) NOT NULL,
  `NO_IC` varchar(6) DEFAULT NULL,
  `ID_CABANG` varchar(5) DEFAULT NULL,
  `NAMA_KEGIATAN` varchar(255) DEFAULT NULL,
  `LOKASI_KEGIATAN` varchar(255) NOT NULL,
  `TANGGAL_KEGIATAN` date NOT NULL,
  `WAKTU_KEGIATAN` time NOT NULL,
  `TEMPAT_BERKUMPUL` varchar(255) DEFAULT NULL,
  `WAKTU_BERKUMPUL` time DEFAULT NULL
) ENGINE=InnoDB DEFAULT CHARSET=latin1;

--
-- Dumping data for table `kegiatan`
--

INSERT INTO `kegiatan` (`ID_KEGIATAN`, `ID_PEMBICARA`, `ID_KATEGORI`, `NO_IC`, `ID_CABANG`, `NAMA_KEGIATAN`, `LOKASI_KEGIATAN`, `TANGGAL_KEGIATAN`, `WAKTU_KEGIATAN`, `TEMPAT_BERKUMPUL`, `WAKTU_BERKUMPUL`) VALUES
('K0001', 'PB0002', 'KK001', NULL, 'C0001', NULL, 'Jln. Gunung Sari No 33', '2020-01-31', '15:00:00', NULL, NULL),
('K0002', 'PB0003', 'KK002', 'IC001', NULL, NULL, 'Jln. Mastrip No 43', '2019-10-31', '09:00:00', NULL, NULL),
('K0003', 'PB0003', 'KK002', 'IC002', 'C0002', 'Ibadah IC Beruang - Agustus 2018', 'Jln. Gunung Sari No 33', '2018-02-02', '18:20:00', '', '00:00:00'),
('K0004', 'PB0001', 'KK003', NULL, 'C0001', 'Ibadah Pernikahan Erick dan Ericka', 'Jalan Sudirman', '2019-11-30', '12:00:00', NULL, NULL),
('K0005', 'PB0002', 'KK004', NULL, 'C0001', 'Ibadah Natal 2019 Cabang Sudirman', 'Jalan Sudirman', '2019-12-25', '22:00:00', NULL, NULL),
('K0006', 'PB0003', 'KK004', NULL, 'C0002', 'Ibadah Natal 2019 Cabang Soekarno', 'Jaland Soekarno', '2019-12-25', '22:00:00', NULL, NULL),
('K0007', 'PB0005', 'KK005', NULL, 'C0001', 'Ibadah Tahun Baru 2020 Cabang Sudirman', 'Jalan Sudirman', '2020-01-01', '09:00:00', NULL, NULL),
('K0008', 'PB0004', 'KK005', NULL, 'C0002', 'Ibadah Tahun Baru 2020 Cabang Soekarno', 'Jalan Soekarno', '2020-01-01', '09:00:00', NULL, NULL),
('K0009', 'PB0001', 'KK006', NULL, 'C0001', 'K0009-Retret Bersama Romo', 'Vatikan', '2020-01-31', '10:00:00', 'Bandara Juanda', '07:00:00'),
('K0010', 'PB0001', 'KK006', NULL, NULL, 'Retret bersama Pembicara Jacob Nahuway', 'Rumahnya Jacob Nahuway', '2001-01-01', '09:05:00', '', '00:00:00'),
('K0011', 'PB0002', 'KK004', NULL, 'C0001', 'Retret bersama Pembicara Jacob Nahuway', 'Ir Soekarno', '2021-12-25', '21:05:00', '', '00:00:00');

-- --------------------------------------------------------

--
-- Table structure for table `keuangan`
--

CREATE TABLE `keuangan` (
  `ID_KEUANGAN` varchar(10) NOT NULL,
  `ID_PENANGGUNG_JAWAB` varchar(6) NOT NULL,
  `ID_PEMASUKKAN` varchar(6) NOT NULL,
  `ID_CABANG` varchar(5) DEFAULT NULL,
  `ID_MAINTENANCE` varchar(5) DEFAULT NULL,
  `KODE_BARANG` varchar(6) DEFAULT NULL,
  `JENIS_TRANSAKSI` varchar(1) NOT NULL,
  `KATEGORI` tinytext NOT NULL,
  `NOMINAL_UANG` bigint(20) NOT NULL,
  `DESKRIPSI` text NOT NULL,
  `TANGGAL` date NOT NULL
) ENGINE=InnoDB DEFAULT CHARSET=latin1;

--
-- Dumping data for table `keuangan`
--

INSERT INTO `keuangan` (`ID_KEUANGAN`, `ID_PENANGGUNG_JAWAB`, `ID_PEMASUKKAN`, `ID_CABANG`, `ID_MAINTENANCE`, `KODE_BARANG`, `JENIS_TRANSAKSI`, `KATEGORI`, `NOMINAL_UANG`, `DESKRIPSI`, `TANGGAL`) VALUES
('KU00000001', 'J0001', 'J0001', 'C0001', 'M0001', 'KB0001', 'K', 'Maintenance', 0, 'Maintenance Piano Baru', '2019-10-24'),
('KU00000002', 'J0002', 'J0002', NULL, NULL, NULL, 'D', 'Sumbangan', 1234567890, 'Sumbangan terhadap Gorila bernama Harambe', '2020-04-01'),
('KU00000003', 'J0003', 'J0003', 'C0001', NULL, NULL, 'K', 'Pernikahan', 10000000, 'Biaya untuk Pernikahan Erick dan Erika', '2020-05-09'),
('KU00000004', 'J0001', 'J0002', 'C0002', 'M0001', 'KB0002', 'K', 'Maintenance', 100000, 'Maintenance Piano S7X pada tanggal 1 April tahun 2020', '2020-04-01');

-- --------------------------------------------------------

--
-- Table structure for table `maintenance`
--

CREATE TABLE `maintenance` (
  `ID_MAINTENANCE` varchar(5) NOT NULL,
  `ID_JEMAAT` varchar(6) NOT NULL,
  `KODE_BARANG` varchar(6) NOT NULL,
  `KETERANGAN` text NOT NULL,
  `TANGGAL_MAINTENANCE` date NOT NULL,
  `TERAKHIR_MAINTENANCE` date NOT NULL
) ENGINE=InnoDB DEFAULT CHARSET=latin1;

--
-- Dumping data for table `maintenance`
--

INSERT INTO `maintenance` (`ID_MAINTENANCE`, `ID_JEMAAT`, `KODE_BARANG`, `KETERANGAN`, `TANGGAL_MAINTENANCE`, `TERAKHIR_MAINTENANCE`) VALUES
('M0001', 'J0003', 'KB0001', '', '2019-10-31', '2019-10-24'),
('M0002', 'J0003', 'KB0003', 'Servis Total', '2019-12-14', '0000-00-00');

-- --------------------------------------------------------

--
-- Table structure for table `pelayanan`
--

CREATE TABLE `pelayanan` (
  `ID_PELAYANAN` varchar(5) NOT NULL,
  `NAMA_PELAYANAN` varchar(255) NOT NULL,
  `DESKRIPSI_PELAYANAN` text NOT NULL
) ENGINE=InnoDB DEFAULT CHARSET=latin1;

--
-- Dumping data for table `pelayanan`
--

INSERT INTO `pelayanan` (`ID_PELAYANAN`, `NAMA_PELAYANAN`, `DESKRIPSI_PELAYANAN`) VALUES
('P0001', 'Penyanyi', 'Menyanyikan lagu rohani.'),
('P0002', 'Pianis', 'Memainkan Piano untuk mengiringi lagu rohani.'),
('P0003', 'Gitaris', 'Memainkan Gitar untuk mengiringi lagu rohani.'),
('P0004', 'Drummer', 'Memainkan Drum untuk mengiringi lagu rohani.'),
('P0005', 'Super Admin', 'Untuk memasukkan semua data ke dalam database'),
('P0006', 'Admin Kegiatan', ''),
('P0007', 'Admin Jemaat', ''),
('P0008', 'Admin Inventaris', ''),
('P0009', 'Admin Keuangan', ''),
('P0010', 'Ketua IC', '');

-- --------------------------------------------------------

--
-- Table structure for table `pemakaian`
--

CREATE TABLE `pemakaian` (
  `KODE_BARANG` varchar(6) NOT NULL,
  `ID_KEGIATAN` varchar(5) NOT NULL,
  `PENANGGUNG_JAWAB` varchar(6) NOT NULL,
  `ITEM` int(11) NOT NULL,
  `TANGGAL_DAN_WAKTU_PEMAKAIAN` datetime NOT NULL,
  `TANGGAL_DAN_WAKTU_PENGEMBALIAN` datetime DEFAULT NULL,
  `STATUS_BARANG` varchar(255) NOT NULL
) ENGINE=InnoDB DEFAULT CHARSET=latin1;

--
-- Dumping data for table `pemakaian`
--

INSERT INTO `pemakaian` (`KODE_BARANG`, `ID_KEGIATAN`, `PENANGGUNG_JAWAB`, `ITEM`, `TANGGAL_DAN_WAKTU_PEMAKAIAN`, `TANGGAL_DAN_WAKTU_PENGEMBALIAN`, `STATUS_BARANG`) VALUES
('KB0001', 'K0001', 'J0005', 1, '2019-10-24 00:00:00', NULL, 'BB');

-- --------------------------------------------------------

--
-- Table structure for table `pembicara`
--

CREATE TABLE `pembicara` (
  `ID_PEMBICARA` varchar(6) NOT NULL,
  `NAMA_PEMBICARA` varchar(255) NOT NULL,
  `ALAMAT_RUMAH` varchar(255) NOT NULL,
  `NO_TELP` bigint(20) DEFAULT NULL
) ENGINE=InnoDB DEFAULT CHARSET=latin1;

--
-- Dumping data for table `pembicara`
--

INSERT INTO `pembicara` (`ID_PEMBICARA`, `NAMA_PEMBICARA`, `ALAMAT_RUMAH`, `NO_TELP`) VALUES
('PB0001', 'Jacob Nahuway', 'Jl Hybrida Timur, Kelapa Gading Permai', 2145843455),
('PB0002', 'Stephen Tong', 'Jl. Ngagel Jaya Selatan, Manyar Megah Indah Plaza Blok K1-K3A', 315047759),
('PB0003', 'Erastus Sabdono', 'Jl. Pengadegan Utara Raya No. 29, Pancoran, Jakarta Selatan', 217945615),
('PB0004', 'Gilbert Lumoindong', 'Jl. Thamrin Bulevard, Kebon Kacang, Tanah Abang, Jakarta Pusat', 2129937555),
('PB0005', 'Bambang Widjaja', 'Jl. S. Parman Kav. 76 Slipi', 2153690033);

-- --------------------------------------------------------

--
-- Table structure for table `tugas_pelayanan`
--

CREATE TABLE `tugas_pelayanan` (
  `ID_JEMAAT` varchar(6) NOT NULL,
  `ID_PELAYANAN` varchar(5) NOT NULL,
  `PASSWORD` varchar(255) DEFAULT NULL,
  `TANGGAL_MULAI_PELAYANAN` date NOT NULL,
  `TANGGAL_BERAKHIR_PELAYANAN` date DEFAULT NULL
) ENGINE=InnoDB DEFAULT CHARSET=latin1;

--
-- Dumping data for table `tugas_pelayanan`
--

INSERT INTO `tugas_pelayanan` (`ID_JEMAAT`, `ID_PELAYANAN`, `PASSWORD`, `TANGGAL_MULAI_PELAYANAN`, `TANGGAL_BERAKHIR_PELAYANAN`) VALUES
('J0001', 'P0001', '202cb962ac59075b964b07152d234b70', '2019-10-24', '2020-10-24'),
('J0002', 'P0004', '202cb962ac59075b964b07152d234b70', '2020-01-01', '2022-01-01'),
('J0002', 'P0005', '202cb962ac59075b964b07152d234b70', '2019-11-20', '2019-11-01'),
('J0003', 'P0010', '202cb962ac59075b964b07152d234b70', '2019-10-01', '2019-10-31'),
('J0005', 'P0002', '202cb962ac59075b964b07152d234b70', '2019-10-24', '2019-10-25'),
('J0005', 'P0005', '202cb962ac59075b964b07152d234b70', '2019-10-01', '0000-00-00');

--
-- Indexes for dumped tables
--

--
-- Indexes for table `cabang`
--
ALTER TABLE `cabang`
  ADD PRIMARY KEY (`ID_CABANG`);

--
-- Indexes for table `daftar_kehadiran`
--
ALTER TABLE `daftar_kehadiran`
  ADD PRIMARY KEY (`ID_KEGIATAN`,`ID_JEMAAT`),
  ADD KEY `FK_DIHADIRI2` (`ID_JEMAAT`);

--
-- Indexes for table `detail_pelayan_khusus`
--
ALTER TABLE `detail_pelayan_khusus`
  ADD PRIMARY KEY (`ID_KEGIATAN`,`ID_PELAYANAN`),
  ADD KEY `FK_MEMILIKI2` (`ID_PELAYANAN`);

--
-- Indexes for table `hubungan_keluarga`
--
ALTER TABLE `hubungan_keluarga`
  ADD PRIMARY KEY (`ID_JEMAAT`,`ID_JEMAAT_BERSANGKUTAN`),
  ADD KEY `FK_HUBUNGAN_KELUARGA2` (`ID_JEMAAT_BERSANGKUTAN`);

--
-- Indexes for table `ic`
--
ALTER TABLE `ic`
  ADD PRIMARY KEY (`NO_IC`);

--
-- Indexes for table `inventaris`
--
ALTER TABLE `inventaris`
  ADD PRIMARY KEY (`KODE_BARANG`),
  ADD KEY `FK_MEMILIKI_PENYIMPANAN_INVENTARIS` (`ID_CABANG`);

--
-- Indexes for table `jemaat`
--
ALTER TABLE `jemaat`
  ADD PRIMARY KEY (`ID_JEMAAT`),
  ADD KEY `FK_TERDIRI_DARI_PARA_JEMAAT` (`NO_IC`);

--
-- Indexes for table `kategori_kegiatan`
--
ALTER TABLE `kategori_kegiatan`
  ADD PRIMARY KEY (`ID_KATEGORI`);

--
-- Indexes for table `kegiatan`
--
ALTER TABLE `kegiatan`
  ADD PRIMARY KEY (`ID_KEGIATAN`),
  ADD KEY `FK_DAPAT_DIKATEGORIKAN` (`ID_KATEGORI`),
  ADD KEY `FK_DIADAKAN` (`NO_IC`),
  ADD KEY `FK_HADIR` (`ID_PEMBICARA`),
  ADD KEY `FK_MEMILIKI_CABANG` (`ID_CABANG`);

--
-- Indexes for table `keuangan`
--
ALTER TABLE `keuangan`
  ADD PRIMARY KEY (`ID_KEUANGAN`),
  ADD KEY `FK_BERTANGGUNG_JAWAB_ATAS_KEUANGAN` (`ID_PENANGGUNG_JAWAB`),
  ADD KEY `FK_BERTANGGUNG_JAWAB_LAPORAN` (`ID_PEMASUKKAN`),
  ADD KEY `FK_MEMBUTUKAN` (`ID_MAINTENANCE`),
  ADD KEY `FK_PENCATATAN_PEMBELIAN` (`KODE_BARANG`),
  ADD KEY `FK_TRANSAKSI_MILIK` (`ID_CABANG`);

--
-- Indexes for table `maintenance`
--
ALTER TABLE `maintenance`
  ADD PRIMARY KEY (`ID_MAINTENANCE`),
  ADD UNIQUE KEY `KODE_BARANG` (`KODE_BARANG`),
  ADD KEY `FK_BERTANGGUNG_JAWAB` (`ID_JEMAAT`),
  ADD KEY `FK_UNTUK` (`KODE_BARANG`);

--
-- Indexes for table `pelayanan`
--
ALTER TABLE `pelayanan`
  ADD PRIMARY KEY (`ID_PELAYANAN`);

--
-- Indexes for table `pemakaian`
--
ALTER TABLE `pemakaian`
  ADD PRIMARY KEY (`KODE_BARANG`,`ID_KEGIATAN`,`PENANGGUNG_JAWAB`),
  ADD KEY `FK_PEMAKAIAN2` (`ID_KEGIATAN`),
  ADD KEY `FK_REFERENCE_13` (`PENANGGUNG_JAWAB`);

--
-- Indexes for table `pembicara`
--
ALTER TABLE `pembicara`
  ADD PRIMARY KEY (`ID_PEMBICARA`);

--
-- Indexes for table `tugas_pelayanan`
--
ALTER TABLE `tugas_pelayanan`
  ADD PRIMARY KEY (`ID_JEMAAT`,`ID_PELAYANAN`),
  ADD KEY `FK_TUGAS_PELAYANAN2` (`ID_PELAYANAN`);

--
-- Constraints for dumped tables
--

--
-- Constraints for table `daftar_kehadiran`
--
ALTER TABLE `daftar_kehadiran`
  ADD CONSTRAINT `FK_DIHADIRI` FOREIGN KEY (`ID_KEGIATAN`) REFERENCES `kegiatan` (`ID_KEGIATAN`),
  ADD CONSTRAINT `FK_DIHADIRI2` FOREIGN KEY (`ID_JEMAAT`) REFERENCES `jemaat` (`ID_JEMAAT`);

--
-- Constraints for table `detail_pelayan_khusus`
--
ALTER TABLE `detail_pelayan_khusus`
  ADD CONSTRAINT `FK_MEMILIKI` FOREIGN KEY (`ID_KEGIATAN`) REFERENCES `kegiatan` (`ID_KEGIATAN`),
  ADD CONSTRAINT `FK_MEMILIKI2` FOREIGN KEY (`ID_PELAYANAN`) REFERENCES `pelayanan` (`ID_PELAYANAN`);

--
-- Constraints for table `hubungan_keluarga`
--
ALTER TABLE `hubungan_keluarga`
  ADD CONSTRAINT `FK_HUBUNGAN_KELUARGA` FOREIGN KEY (`ID_JEMAAT`) REFERENCES `jemaat` (`ID_JEMAAT`),
  ADD CONSTRAINT `FK_HUBUNGAN_KELUARGA2` FOREIGN KEY (`ID_JEMAAT_BERSANGKUTAN`) REFERENCES `jemaat` (`ID_JEMAAT`);

--
-- Constraints for table `inventaris`
--
ALTER TABLE `inventaris`
  ADD CONSTRAINT `FK_MEMILIKI_PENYIMPANAN_INVENTARIS` FOREIGN KEY (`ID_CABANG`) REFERENCES `cabang` (`ID_CABANG`);

--
-- Constraints for table `jemaat`
--
ALTER TABLE `jemaat`
  ADD CONSTRAINT `FK_TERDIRI_DARI_PARA_JEMAAT` FOREIGN KEY (`NO_IC`) REFERENCES `ic` (`NO_IC`);

--
-- Constraints for table `kegiatan`
--
ALTER TABLE `kegiatan`
  ADD CONSTRAINT `FK_DAPAT_DIKATEGORIKAN` FOREIGN KEY (`ID_KATEGORI`) REFERENCES `kategori_kegiatan` (`ID_KATEGORI`),
  ADD CONSTRAINT `FK_DIADAKAN` FOREIGN KEY (`NO_IC`) REFERENCES `ic` (`NO_IC`),
  ADD CONSTRAINT `FK_HADIR` FOREIGN KEY (`ID_PEMBICARA`) REFERENCES `pembicara` (`ID_PEMBICARA`),
  ADD CONSTRAINT `FK_MEMILIKI_CABANG` FOREIGN KEY (`ID_CABANG`) REFERENCES `cabang` (`ID_CABANG`);

--
-- Constraints for table `keuangan`
--
ALTER TABLE `keuangan`
  ADD CONSTRAINT `FK_BERTANGGUNG_JAWAB_ATAS_KEUANGAN` FOREIGN KEY (`ID_PENANGGUNG_JAWAB`) REFERENCES `jemaat` (`ID_JEMAAT`),
  ADD CONSTRAINT `FK_BERTANGGUNG_JAWAB_LAPORAN` FOREIGN KEY (`ID_PEMASUKKAN`) REFERENCES `jemaat` (`ID_JEMAAT`),
  ADD CONSTRAINT `FK_MEMBUTUKAN` FOREIGN KEY (`ID_MAINTENANCE`) REFERENCES `maintenance` (`ID_MAINTENANCE`),
  ADD CONSTRAINT `FK_PENCATATAN_PEMBELIAN` FOREIGN KEY (`KODE_BARANG`) REFERENCES `inventaris` (`KODE_BARANG`),
  ADD CONSTRAINT `FK_TRANSAKSI_MILIK` FOREIGN KEY (`ID_CABANG`) REFERENCES `cabang` (`ID_CABANG`);

--
-- Constraints for table `maintenance`
--
ALTER TABLE `maintenance`
  ADD CONSTRAINT `FK_BERTANGGUNG_JAWAB` FOREIGN KEY (`ID_JEMAAT`) REFERENCES `jemaat` (`ID_JEMAAT`),
  ADD CONSTRAINT `FK_UNTUK` FOREIGN KEY (`KODE_BARANG`) REFERENCES `inventaris` (`KODE_BARANG`);

--
-- Constraints for table `pemakaian`
--
ALTER TABLE `pemakaian`
  ADD CONSTRAINT `FK_PEMAKAIAN` FOREIGN KEY (`KODE_BARANG`) REFERENCES `inventaris` (`KODE_BARANG`),
  ADD CONSTRAINT `FK_PEMAKAIAN2` FOREIGN KEY (`ID_KEGIATAN`) REFERENCES `kegiatan` (`ID_KEGIATAN`),
  ADD CONSTRAINT `FK_REFERENCE_13` FOREIGN KEY (`PENANGGUNG_JAWAB`) REFERENCES `jemaat` (`ID_JEMAAT`);

--
-- Constraints for table `tugas_pelayanan`
--
ALTER TABLE `tugas_pelayanan`
  ADD CONSTRAINT `FK_TUGAS_PELAYANAN` FOREIGN KEY (`ID_JEMAAT`) REFERENCES `jemaat` (`ID_JEMAAT`),
  ADD CONSTRAINT `FK_TUGAS_PELAYANAN2` FOREIGN KEY (`ID_PELAYANAN`) REFERENCES `pelayanan` (`ID_PELAYANAN`);
COMMIT;

/*!40101 SET CHARACTER_SET_CLIENT=@OLD_CHARACTER_SET_CLIENT */;
/*!40101 SET CHARACTER_SET_RESULTS=@OLD_CHARACTER_SET_RESULTS */;
/*!40101 SET COLLATION_CONNECTION=@OLD_COLLATION_CONNECTION */;
